side,symbol,signal_date,order_date,sell_by,last_close,atr_pct,target_atr,max_days,target_pct,target_if_fill_at_last_close,ret_1,ret_5,ret_20,ret_60,rev_score,dollar_vol20,params_version
LONG,MU,2026-07-09,2026-07-10,2026-07-17,991.64,0.0911,0.25,5,0.02277,1014.2239,0.0452,-0.0394,0.0596,1.3247,20.6,58165014470,1
LONG,SNDK,2026-07-09,2026-07-10,2026-07-17,1858.27,0.11054,0.25,5,0.02764,1909.6254,0.0759,-0.0856,0.1286,0.9509,17.6,23742066104,1
LONG,AMD,2026-07-09,2026-07-10,2026-07-17,546.72,0.06852,0.25,5,0.01713,556.0851,0.0567,0.0108,0.1498,1.215,15.5,16144911699,1
SHORT_WATCH,KURA,2026-07-09,2026-07-10,2026-07-17,12.08,0.0438,0.25,5,-0.01095,11.9477,-0.0033,0.1206,0.3712,0.3853,26.9,19692786,1
SHORT_WATCH,HPE,2026-07-09,2026-07-10,2026-07-17,49.11,0.05786,0.25,5,-0.01447,48.3996,0.0994,0.1174,0.0174,0.9794,16.9,1170629915,1
SHORT_WATCH,TGTX,2026-07-09,2026-07-10,2026-07-17,59.06,0.04187,0.25,5,-0.01047,58.4418,0.032,0.1035,0.3618,0.7479,25.8,167052145,1
LONG,MU,2026-07-10,2026-07-13,2026-07-20,979.3,0.08886,0.25,5,0.02221,1001.0542,-0.0124,0.0038,0.098,1.103,21.5,57236092618,1
LONG,SNDK,2026-07-10,2026-07-13,2026-07-20,1915.92,0.10604,0.25,5,0.02651,1966.7113,0.031,0.0979,0.1659,1.0286,21.3,23946633216,1
LONG,AMD,2026-07-10,2026-07-13,2026-07-20,557.89,0.06494,0.25,5,0.01623,566.9468,0.0204,0.0774,0.2332,1.1872,22.6,16094129445,1
SHORT_WATCH,HPE,2026-07-10,2026-07-13,2026-07-20,48.54,0.05838,0.25,5,-0.01459,47.8316,-0.0116,0.1773,0.067,0.9837,27.0,1142233471,1
SHORT_WATCH,META,2026-07-10,2026-07-13,2026-07-20,669.21,0.03927,0.25,5,-0.00982,662.6392,0.0597,0.1481,0.172,0.0101,30.9,12028669935,1
SHORT_WATCH,STX,2026-07-10,2026-07-13,2026-07-20,910.34,0.08427,0.25,5,-0.02107,891.1625,0.0228,0.11,0.1156,0.7065,20.5,4926906484,1
LONG,MU,2026-07-13,2026-07-14,2026-07-21,937.0,0.09208,0.25,5,0.02302,958.5699,-0.0432,-0.0485,-0.0591,1.0538,16.7,55942290319,1
LONG,SNDK,2026-07-13,2026-07-14,2026-07-21,1673.97,0.12421,0.25,5,0.03105,1725.9503,-0.1263,-0.0404,-0.1103,0.8772,15.0,23815679557,1
LONG,AMD,2026-07-13,2026-07-14,2026-07-21,534.39,0.06709,0.25,5,0.01677,543.353,-0.0421,-0.032,0.0941,1.0703,13.5,15963553739,1
SHORT_WATCH,HPE,2026-07-13,2026-07-14,2026-07-21,47.24,0.05884,0.25,5,-0.01471,46.5451,-0.0268,0.0948,0.0094,0.9188,29.1,1128388897,1
SHORT_WATCH,BILL,2026-07-13,2026-07-14,2026-07-21,42.86,0.04293,0.25,5,-0.01073,42.4,0.0363,0.0654,0.334,0.0903,25.2,89831924,1
SHORT_WATCH,TWLO,2026-07-13,2026-07-14,2026-07-21,218.24,0.04947,0.25,5,-0.01237,215.5412,0.0172,0.0438,0.0562,0.6278,21.7,406037024,1
LONG,MU,2026-07-14,2026-07-15,2026-07-22,983.12,0.08569,0.25,5,0.02142,1004.1814,0.0492,0.0477,0.0015,1.1502,19.5,55445952596,1
LONG,SNDK,2026-07-14,2026-07-15,2026-07-22,1757.82,0.11547,0.25,5,0.02887,1808.5619,0.0501,0.0866,-0.1123,0.9118,21.9,23477598974,1
LONG,AMD,2026-07-14,2026-07-15,2026-07-22,548.13,0.06592,0.25,5,0.01648,557.1636,0.0257,0.062,0.0715,0.9698,22.6,15735856255,1
SHORT_WATCH,HPE,2026-07-14,2026-07-15,2026-07-22,49.56,0.05613,0.25,5,-0.01403,48.8646,0.0491,0.1401,0.0289,0.9143,30.2,1114193399,1
SHORT_WATCH,S,2026-07-14,2026-07-15,2026-07-22,19.92,0.05135,0.25,5,-0.01284,19.6643,0.0739,0.0969,0.3414,0.43,39.1,119033605,1
SHORT_WATCH,AAOI,2026-07-14,2026-07-15,2026-07-22,125.45,0.13687,0.25,5,-0.03422,121.1574,0.1213,0.0965,-0.2579,-0.2026,15.6,1613020931,1
LONG,MU,2026-07-15,2026-07-16,2026-07-23,904.28,0.09516,0.25,5,0.02379,925.7922,-0.0802,-0.0469,-0.1689,0.9871,15.1,55475057229,1
LONG,SNDK,2026-07-15,2026-07-16,2026-07-23,1615.0,0.12905,0.25,5,0.03226,1667.1054,-0.0812,-0.0649,-0.2338,0.7535,19.8,24053499457,1
LONG,AMD,2026-07-15,2026-07-16,2026-07-23,529.14,0.07007,0.25,5,0.01752,538.4091,-0.0346,0.0227,-0.0331,0.9007,17.0,15555874513,1
SHORT_WATCH,AEHR,2026-07-15,2026-07-16,2026-07-23,87.79,0.13875,0.25,5,-0.03469,84.7447,0.2191,0.2931,-0.2424,0.0469,48.1,208300708,1
SHORT_WATCH,PYPL,2026-07-15,2026-07-16,2026-07-23,55.52,0.03513,0.25,5,-0.00878,55.0324,0.172,0.2468,0.3067,0.0927,47.6,917252698,1
SHORT_WATCH,DAVE,2026-07-15,2026-07-16,2026-07-23,438.19,0.05449,0.25,5,-0.01362,432.2202,0.0508,0.1669,0.4192,0.7478,27.0,211425082,1
LONG,MU,2026-07-16,2026-07-17,2026-07-24,853.2,0.09899,0.25,5,0.02475,874.3143,-0.0565,-0.1396,-0.1642,0.9027,15.5,55145832064,1
LONG,SNDK,2026-07-16,2026-07-17,2026-07-24,1411.08,0.14854,0.25,5,0.03714,1463.4807,-0.1263,-0.2406,-0.2915,0.5455,20.4,24329861424,1
LONG,AMD,2026-07-16,2026-07-17,2026-07-24,500.94,0.07405,0.25,5,0.01851,510.2138,-0.0533,-0.0837,-0.0125,0.8219,12.9,15513841904,1
SHORT_WATCH,PYPL,2026-07-16,2026-07-17,2026-07-24,56.73,0.03493,0.25,5,-0.00873,56.2346,0.0218,0.2518,0.2997,0.1024,48.0,970668245,1
SHORT_WATCH,DAVE,2026-07-16,2026-07-17,2026-07-24,442.53,0.05408,0.25,5,-0.01352,436.5467,0.0099,0.1343,0.4824,0.6551,30.8,216343851,1
SHORT_WATCH,LCID,2026-07-16,2026-07-17,2026-07-24,6.46,0.11907,0.25,5,-0.02977,6.2677,0.0857,0.1081,0.2869,-0.043,40.2,137345729,1
LONG,MU,2026-07-17,2026-07-20,2026-07-27,848.95,0.10079,0.25,5,0.0252,870.3412,-0.005,-0.1331,-0.1862,0.8892,12.2,55427605150,1
LONG,AMD,2026-07-17,2026-07-20,2026-07-27,495.76,0.07606,0.25,5,0.01902,505.1869,-0.0103,-0.1114,-0.0326,0.7426,8.3,15615895461,1
LONG,DELL,2026-07-17,2026-07-20,2026-07-27,396.34,0.08158,0.25,5,0.02039,404.4229,0.0127,-0.0888,-0.0548,0.8664,9.9,3383201921,1
SHORT_WATCH,LCID,2026-07-17,2026-07-20,2026-07-27,7.36,0.10908,0.25,5,-0.02727,7.1593,0.1393,0.3261,0.4319,0.0352,52.6,151442718,1
SHORT_WATCH,PYPL,2026-07-17,2026-07-20,2026-07-27,56.56,0.03441,0.25,5,-0.0086,56.0735,-0.003,0.2211,0.3441,0.1116,47.7,986539018,1
SHORT_WATCH,IOVA,2026-07-17,2026-07-20,2026-07-27,5.0,0.07813,0.25,5,-0.01953,4.9023,0.073,0.182,0.2723,0.3514,45.1,74923708,1
LONG,MU,2026-07-20,2026-07-21,2026-07-28,865.46,0.0961,0.25,5,0.02403,886.2527,0.0194,-0.0764,-0.2368,0.7754,17.7,53394024287,1
LONG,AMD,2026-07-20,2026-07-21,2026-07-28,503.57,0.07332,0.25,5,0.01833,512.8,0.0158,-0.0577,-0.0629,0.6594,13.7,15029105657,1
LONG,DELL,2026-07-20,2026-07-21,2026-07-28,381.88,0.08276,0.25,5,0.02069,389.781,-0.0365,-0.1059,-0.0674,0.7791,11.0,3158927765,1
SHORT_WATCH,LCID,2026-07-20,2026-07-21,2026-07-28,7.11,0.11188,0.25,5,-0.02797,6.9111,-0.034,0.2904,0.3265,0.0289,61.5,154675178,1
SHORT_WATCH,IOVA,2026-07-20,2026-07-21,2026-07-28,5.02,0.07695,0.25,5,-0.01924,4.9234,0.004,0.2426,0.2839,0.4221,44.0,74394219,1
SHORT_WATCH,PYPL,2026-07-20,2026-07-21,2026-07-28,56.82,0.03416,0.25,5,-0.00854,56.3347,0.0046,0.1924,0.3366,0.1093,48.6,998868083,1
LONG,MU,2026-07-21,2026-07-22,2026-07-29,970.82,0.08819,0.25,5,0.02205,992.2243,0.1217,-0.0125,-0.1986,1.0153,24.4,52571759802,1
LONG,SNDK,2026-07-21,2026-07-22,2026-07-29,1589.4,0.12579,0.25,5,0.03145,1639.3836,0.1427,-0.0958,-0.301,0.7046,23.7,24318328353,1
LONG,AMD,2026-07-21,2026-07-22,2026-07-29,544.43,0.06882,0.25,5,0.0172,553.7966,0.0811,-0.0068,-0.0131,0.7831,14.5,15103100655,1
SHORT_WATCH,LCID,2026-07-21,2026-07-22,2026-07-29,7.32,0.10637,0.25,5,-0.02659,7.1253,0.0295,0.5844,0.4186,0.1675,57.8,156488077,1
SHORT_WATCH,IOVA,2026-07-21,2026-07-22,2026-07-29,5.48,0.07211,0.25,5,-0.01803,5.3812,0.0916,0.3944,0.3498,0.5747,36.3,77611506,1
SHORT_WATCH,AEHR,2026-07-21,2026-07-22,2026-07-29,98.91,0.12837,0.25,5,-0.03209,95.7358,0.2786,0.3736,-0.1272,0.0356,50.7,253936282,1
LONG,MU,2026-07-22,2026-07-23,2026-07-30,959.48,0.08633,0.25,5,0.02158,980.1868,-0.0117,0.061,-0.0877,0.9316,26.8,50919090395,1
LONG,SNDK,2026-07-22,2026-07-23,2026-07-30,1599.27,0.12111,0.25,5,0.03028,1647.6903,0.0062,-0.0097,-0.1855,0.6156,31.8,23897662574,1
LONG,AMD,2026-07-22,2026-07-23,2026-07-30,552.33,0.0675,0.25,5,0.01687,561.6502,0.0145,0.0438,0.0625,0.588,29.0,15002455620,1
SHORT_WATCH,ARWR,2026-07-22,2026-07-23,2026-07-30,88.7,0.05862,0.25,5,-0.01465,87.4002,0.1903,0.235,0.1101,0.2001,31.0,259263950,1
SHORT_WATCH,CIFR,2026-07-22,2026-07-23,2026-07-30,24.46,0.10306,0.25,5,-0.02577,23.8298,0.0686,0.231,-0.1151,0.344,28.8,578676574,1
SHORT_WATCH,RIOT,2026-07-22,2026-07-23,2026-07-30,23.38,0.08445,0.25,5,-0.02111,22.8864,0.0879,0.1632,-0.1851,0.2563,21.3,403169434,1
LONG,MU,2026-07-23,2026-07-24,2026-07-31,990.21,0.08144,0.25,5,0.02036,1010.3715,0.032,0.1606,-0.0556,0.8877,22.1,49295241183,1
LONG,SNDK,2026-07-23,2026-07-24,2026-07-31,1610.33,0.11779,0.25,5,0.02945,1657.7517,0.0069,0.1412,-0.1589,0.5047,23.6,23927246065,1
LONG,AMD,2026-07-23,2026-07-24,2026-07-31,539.69,0.06831,0.25,5,0.01708,548.9068,-0.0229,0.0774,0.0384,0.6128,19.7,15045312065,1
SHORT_WATCH,CIFR,2026-07-23,2026-07-24,2026-07-31,25.82,0.09868,0.25,5,-0.02467,25.183,0.0556,0.4571,-0.0153,0.4218,31.4,589512974,1
SHORT_WATCH,FCEL,2026-07-23,2026-07-24,2026-07-31,23.3,0.14827,0.25,5,-0.03707,22.4363,0.0369,0.3499,0.0807,1.1816,21.9,357239299,1
SHORT_WATCH,NBIS,2026-07-23,2026-07-24,2026-07-31,220.97,0.10772,0.25,5,-0.02693,215.0193,0.0129,0.2864,-0.149,0.5244,26.2,3853976503,1
LONG,MU,2026-07-24,2026-07-27,2026-08-03,920.95,0.088,0.25,5,0.022,941.2109,-0.0699,0.0848,-0.2411,0.8262,16.8,46135361316,1
LONG,AMD,2026-07-24,2026-07-27,2026-08-03,521.95,0.06983,0.25,5,0.01746,531.062,-0.0329,0.0528,-0.0199,0.6149,11.2,15033142312,1
LONG,DELL,2026-07-24,2026-07-27,2026-08-03,437.5,0.07004,0.25,5,0.01751,445.1601,-0.0042,0.1039,0.0685,1.1245,23.5,2976427210,1
SHORT_WATCH,CIFR,2026-07-24,2026-07-27,2026-08-03,23.15,0.11124,0.25,5,-0.02781,22.5062,-0.1034,0.3183,-0.0985,0.3413,23.5,585541879,1
SHORT_WATCH,CLF,2026-07-24,2026-07-27,2026-08-03,11.93,0.05637,0.25,5,-0.01409,11.7619,0.0885,0.2856,0.1087,0.1673,41.4,250324213,1
SHORT_WATCH,SMCI,2026-07-24,2026-07-27,2026-08-03,30.1,0.08054,0.25,5,-0.02014,29.4939,-0.0353,0.2448,-0.0499,0.1046,32.5,1378599730,1
LONG,MU,2026-07-27,2026-07-28,2026-08-04,900.2,0.08996,0.25,5,0.02249,920.446,-0.0225,0.0401,-0.205,0.7363,15.4,43385473409,1
LONG,DELL,2026-07-27,2026-07-28,2026-08-04,426.91,0.07267,0.25,5,0.01817,434.666,-0.0242,0.1179,0.0686,1.0758,19.8,2865925634,1
LONG,PANW,2026-07-27,2026-07-28,2026-08-04,317.32,0.04996,0.25,5,0.01249,321.2835,-0.02,-0.0899,0.0431,0.7479,6.4,2412991145,1
SHORT_WATCH,CLF,2026-07-27,2026-07-28,2026-08-04,12.25,0.0557,0.25,5,-0.01392,12.0794,0.0268,0.3641,0.2312,0.1951,40.5,264813126,1
SHORT_WATCH,SMCI,2026-07-27,2026-07-28,2026-08-04,29.81,0.08136,0.25,5,-0.02034,29.2036,-0.0096,0.2509,-0.0268,0.1326,31.7,1357765710,1
SHORT_WATCH,QBTS,2026-07-27,2026-07-28,2026-08-04,19.51,0.08602,0.25,5,-0.02151,19.0904,0.2036,0.1669,-0.1428,0.0679,25.3,376029218,1
LONG,MU,2026-07-28,2026-07-29,2026-08-05,820.53,0.10132,0.25,5,0.02533,841.314,-0.0885,-0.1548,-0.2836,0.5866,8.6,42414115425,1
LONG,DELL,2026-07-28,2026-07-29,2026-08-05,392.1,0.08586,0.25,5,0.02147,400.5168,-0.0815,-0.0298,-0.0543,0.8765,10.6,2868355731,1
LONG,NOW,2026-07-28,2026-07-29,2026-08-05,110.62,0.05829,0.25,5,0.01457,112.2319,0.0479,0.0839,0.1065,0.2526,27.2,2394146143,1
SHORT_WATCH,CLF,2026-07-28,2026-07-29,2026-08-05,11.98,0.05654,0.25,5,-0.01413,11.8107,-0.022,0.2951,0.2772,0.1745,45.4,274784016,1
SHORT_WATCH,IQV,2026-07-28,2026-07-29,2026-08-05,242.94,0.03604,0.25,5,-0.00901,240.7512,0.1394,0.2049,0.2569,0.534,40.7,304346057,1
SHORT_WATCH,ACN,2026-07-28,2026-07-29,2026-08-05,164.66,0.04625,0.25,5,-0.01156,162.756,0.0688,0.169,0.32,-0.0786,28.8,1209470602,1
LONG,DELL,2026-07-29,2026-07-30,2026-08-06,369.64,0.09053,0.25,5,0.02263,378.0054,-0.0573,-0.1633,-0.1433,0.7588,8.9,2836763781,1
LONG,NOW,2026-07-29,2026-07-30,2026-08-06,115.76,0.05719,0.25,5,0.0143,117.415,0.0465,0.2127,0.166,0.2699,30.9,2531792902,1
LONG,PANW,2026-07-29,2026-07-30,2026-08-06,314.15,0.0493,0.25,5,0.01232,318.0219,-0.0152,-0.063,-0.0788,0.7349,10.9,2280659661,1
SHORT_WATCH,CTSH,2026-07-29,2026-07-30,2026-08-06,55.97,0.04455,0.25,5,-0.01114,55.3467,0.1125,0.2962,0.4451,0.0675,37.2,435057079,1
SHORT_WATCH,WDAY,2026-07-29,2026-07-30,2026-08-06,168.01,0.05358,0.25,5,-0.0134,165.7593,0.0521,0.2688,0.3724,0.3233,31.2,656821455,1
SHORT_WATCH,IT,2026-07-29,2026-07-30,2026-08-06,165.65,0.04653,0.25,5,-0.01163,163.7229,0.0629,0.254,0.278,0.1315,26.8,174939050,1
LONG,MU,2026-07-30,2026-07-31,2026-08-07,874.66,0.10155,0.25,5,0.02539,896.8665,0.1836,-0.1167,-0.1527,0.5173,11.8,42671329369,1
LONG,SNDK,2026-07-30,2026-07-31,2026-08-07,1279.96,0.15388,0.25,5,0.03847,1329.1998,0.2599,-0.2052,-0.3702,0.0192,22.0,23466106175,1
LONG,AMD,2026-07-30,2026-07-31,2026-08-07,485.39,0.08316,0.25,5,0.02079,495.4818,0.13,-0.1006,-0.1026,0.4212,10.4,14374142647,1
SHORT_WATCH,LCID,2026-07-30,2026-07-31,2026-08-07,8.12,0.10234,0.25,5,-0.02559,7.9122,0.0201,0.2589,0.2247,0.2138,41.5,162412821,1
SHORT_WATCH,CTSH,2026-07-30,2026-07-31,2026-08-07,53.895,0.04841,0.25,5,-0.0121,53.2427,-0.0371,0.2531,0.3123,0.0392,33.1,444267323,1
SHORT_WATCH,GRMN,2026-07-30,2026-07-31,2026-08-07,297.55,0.03407,0.25,5,-0.00852,295.0156,0.0092,0.2393,0.2521,0.2471,41.9,256789125,1
LONG,MSFT,2026-07-31,2026-08-03,2026-08-10,464.72,0.03446,0.25,5,0.00862,468.7238,0.0302,0.2175,0.1901,0.1297,41.2,14708773939,1
LONG,AMZN,2026-07-31,2026-08-03,2026-08-10,271.58,0.03502,0.25,5,0.00876,273.9579,0.1532,0.17,0.1191,-0.0072,35.9,11197510480,1
LONG,BE,2026-07-31,2026-08-03,2026-08-10,205.81,0.14492,0.25,5,0.03623,213.2664,-0.0063,0.1131,-0.2402,-0.3029,40.8,3632224366,1
SHORT_WATCH,CTSH,2026-07-31,2026-08-03,2026-08-10,55.35,0.04805,0.25,5,-0.01201,54.6851,0.027,0.2178,0.3182,0.0671,30.7,446792678,1
SHORT_WATCH,MSFT,2026-07-31,2026-08-03,2026-08-10,464.72,0.03446,0.25,5,-0.00862,460.7162,0.0302,0.2175,0.1901,0.1297,41.2,14708773939,1
SHORT_WATCH,ASAN,2026-07-31,2026-08-03,2026-08-10,8.32,0.07132,0.25,5,-0.01783,8.1716,0.0465,0.2128,0.1335,0.132,23.9,43662568,1
LONG,SNDK,2026-08-03,2026-08-04,2026-08-11,1288.03,0.15389,0.25,5,0.03847,1337.5825,0.0603,0.0077,-0.2616,-0.0865,32.2,23390155076,1
LONG,MSFT,2026-08-03,2026-08-04,2026-08-11,487.65,0.03444,0.25,5,0.00861,491.8487,0.0493,0.2533,0.2609,0.178,43.3,15674800221,1
LONG,AMZN,2026-08-03,2026-08-04,2026-08-11,284.02,0.03503,0.25,5,0.00876,286.507,0.0458,0.2275,0.1633,0.0328,37.9,11998532882,1
SHORT_WATCH,GRMN,2026-08-03,2026-08-04,2026-08-11,304.76,0.03358,0.25,5,-0.00839,302.2016,0.0374,0.2569,0.2428,0.2551,42.8,273680796,1
SHORT_WATCH,MSFT,2026-08-03,2026-08-04,2026-08-11,487.65,0.03444,0.25,5,-0.00861,483.4513,0.0493,0.2533,0.2609,0.178,43.3,15674800221,1
SHORT_WATCH,AMZN,2026-08-03,2026-08-04,2026-08-11,284.02,0.03503,0.25,5,-0.00876,281.533,0.0458,0.2275,0.1633,0.0328,37.9,11998532882,1
LONG,SNDK,2026-08-04,2026-08-05,2026-08-12,1427.62,0.13686,0.25,5,0.03421,1476.465,0.1084,0.3025,-0.1175,0.0654,25.3,23263077869,1
LONG,MSFT,2026-08-04,2026-08-05,2026-08-12,492.81,0.03458,0.25,5,0.00865,497.0708,0.0106,0.2529,0.2674,0.1712,39.0,16348445373,1
LONG,AMZN,2026-08-04,2026-08-05,2026-08-12,277.42,0.03541,0.25,5,0.00885,279.8758,-0.0232,0.2017,0.1278,0.023,34.9,12466919615,1
SHORT_WATCH,AEHR,2026-08-04,2026-08-05,2026-08-12,109.89,0.1134,0.25,5,-0.02835,106.7746,0.1982,0.5699,0.6416,0.2041,40.3,285137273,1
SHORT_WATCH,AAOI,2026-08-04,2026-08-05,2026-08-12,131.63,0.12073,0.25,5,-0.03018,127.6571,0.1944,0.4934,0.1505,-0.1645,46.8,1018231511,1
SHORT_WATCH,ALAB,2026-08-04,2026-08-05,2026-08-12,361.67,0.10426,0.25,5,-0.02607,352.243,0.1265,0.3898,-0.0554,0.8486,32.4,1490158018,1
LONG,MU,2026-08-05,2026-08-06,2026-08-13,893.19,0.09499,0.25,5,0.02375,914.4004,0.0006,0.2086,-0.0586,0.196,16.8,40566105862,1
LONG,SNDK,2026-08-05,2026-08-06,2026-08-13,1350.5,0.13946,0.25,5,0.03486,1397.5839,-0.054,0.3294,-0.2181,-0.1356,21.3,23327938815,1
LONG,MSFT,2026-08-05,2026-08-06,2026-08-13,487.46,0.03431,0.25,5,0.00858,491.6407,-0.0109,0.2482,0.2716,0.1743,38.0,16665648803,1
SHORT_WATCH,AAOI,2026-08-05,2026-08-06,2026-08-13,128.56,0.12164,0.25,5,-0.03041,124.6505,-0.0233,0.6801,0.1234,-0.1368,50.0,1062468602,1
SHORT_WATCH,AEHR,2026-08-05,2026-08-06,2026-08-13,98.78,0.12538,0.25,5,-0.03135,95.6837,-0.1011,0.5104,0.455,0.0159,27.1,289510284,1
SHORT_WATCH,COHR,2026-08-05,2026-08-06,2026-08-13,328.22,0.09573,0.25,5,-0.02393,320.3645,0.0139,0.4781,0.0352,-0.021,40.1,1436929796,1
LONG,MSFT,2026-08-06,2026-08-07,2026-08-14,499.86,0.03308,0.25,5,0.00827,503.9938,0.0254,0.1081,0.3005,0.2113,34.3,16979075432,1
LONG,AMZN,2026-08-06,2026-08-07,2026-08-14,272.26,0.03521,0.25,5,0.0088,274.6564,-0.0014,0.1561,0.1021,0.0122,33.3,12667853298,1
LONG,PLTR,2026-08-06,2026-08-07,2026-08-14,155.92,0.05377,0.25,5,0.01344,158.0158,-0.0158,0.2753,0.2083,0.139,51.8,6048691703,1
SHORT_WATCH,RDW,2026-08-06,2026-08-07,2026-08-14,11.83,0.08648,0.25,5,-0.02162,11.5742,0.1035,0.3967,0.1299,-0.0271,44.0,160463935,1
SHORT_WATCH,AAOI,2026-08-06,2026-08-07,2026-08-14,124.22,0.12576,0.25,5,-0.03144,120.3146,-0.0338,0.3785,0.0164,-0.3282,44.9,1101688198,1
SHORT_WATCH,COHR,2026-08-06,2026-08-07,2026-08-14,334.22,0.09698,0.25,5,-0.02424,326.117,0.0183,0.3419,0.0213,-0.1198,44.8,1469770184,1
LONG,MSFT,2026-08-07,2026-08-10,2026-08-17,499.99,0.03163,0.25,5,0.00791,503.9437,0.0003,0.0759,0.2983,0.2262,45.9,17225685014,1
LONG,PLTR,2026-08-07,2026-08-10,2026-08-17,172.01,0.0521,0.25,5,0.01303,174.2505,0.1032,0.3978,0.3567,0.2648,57.5,6518359865,1
LONG,LITE,2026-08-07,2026-08-10,2026-08-17,890.17,0.08931,0.25,5,0.02233,910.0446,0.0622,0.2468,0.1099,-0.103,32.5,3490380378,1
SHORT_WATCH,RDW,2026-08-07,2026-08-10,2026-08-17,13.59,0.07962,0.25,5,-0.0199,13.3195,0.1488,0.5766,0.335,0.1756,44.6,177359609,1
SHORT_WATCH,IOVA,2026-08-07,2026-08-10,2026-08-17,6.34,0.08287,0.25,5,-0.02072,6.2087,0.0209,0.5577,0.4988,0.7809,55.8,103697987,1
SHORT_WATCH,COHR,2026-08-07,2026-08-10,2026-08-17,379.13,0.09015,0.25,5,-0.02254,370.5854,0.1344,0.4422,0.1684,0.0137,45.7,1617775866,1
LONG,MSFT,2026-08-10,2026-08-11,2026-08-18,506.06,0.03096,0.25,5,0.00774,509.9766,0.0121,0.0378,0.2943,0.2489,42.2,17450022511,1
LONG,PLTR,2026-08-10,2026-08-11,2026-08-18,175.23,0.05105,0.25,5,0.01276,177.4664,0.0187,0.3946,0.3475,0.3474,47.2,6762601662,1
LONG,DELL,2026-08-10,2026-08-11,2026-08-18,457.88,0.07529,0.25,5,0.01882,466.4981,0.0091,0.0673,0.072,0.8776,19.3,2712437814,1
SHORT_WATCH,ABCL,2026-08-10,2026-08-11,2026-08-18,9.34,0.07433,0.25,5,-0.01858,9.1664,0.3478,0.6021,0.4325,0.9581,56.9,50188930,1
SHORT_WATCH,IOVA,2026-08-10,2026-08-11,2026-08-18,6.4,0.08125,0.25,5,-0.02031,6.27,0.0095,0.4832,0.5842,0.7486,55.6,106544074,1
SHORT_WATCH,PLTR,2026-08-10,2026-08-11,2026-08-18,175.23,0.05105,0.25,5,-0.01276,172.9936,0.0187,0.3946,0.3475,0.3474,47.2,6762601662,1
LONG,MSFT,2026-08-11,2026-08-12,2026-08-19,503.81,0.0298,0.25,5,0.00745,507.5631,-0.0044,0.0223,0.3088,0.2305,42.3,17494375412,1
LONG,PLTR,2026-08-11,2026-08-12,2026-08-19,174.94,0.04961,0.25,5,0.0124,177.1099,-0.0017,0.0755,0.3083,0.3082,39.3,6806086650,1
LONG,DELL,2026-08-11,2026-08-12,2026-08-19,440.97,0.07694,0.25,5,0.01924,449.4524,-0.0369,-0.0563,-0.0362,0.7789,13.2,2653508505,1
SHORT_WATCH,ABCL,2026-08-11,2026-08-12,2026-08-19,9.76,0.07534,0.25,5,-0.01884,9.5762,0.045,0.6026,0.4481,1.2182,58.2,57717675,1
SHORT_WATCH,IOVA,2026-08-11,2026-08-12,2026-08-19,6.49,0.0782,0.25,5,-0.01955,6.3631,0.0141,0.4885,0.6514,0.8438,57.5,107289233,1
SHORT_WATCH,INSM,2026-08-11,2026-08-12,2026-08-19,132.57,0.04724,0.25,5,-0.01181,131.0043,-0.0162,0.3425,0.204,0.1466,45.7,370551456,1
LONG,SNDK,2026-08-12,2026-08-13,2026-08-20,1344.29,0.12204,0.25,5,0.03051,1385.3031,0.0576,-0.0046,-0.1676,-0.045,30.1,21612786859,1
LONG,PLTR,2026-08-12,2026-08-13,2026-08-20,171.04,0.04994,0.25,5,0.01248,173.1754,-0.0223,0.0796,0.2787,0.2765,35.6,6932971278,1
LONG,NBIS,2026-08-12,2026-08-13,2026-08-20,259.2,0.10216,0.25,5,0.02554,265.8196,0.3414,0.1836,0.2992,0.1785,43.5,5207760963,1
SHORT_WATCH,ABCL,2026-08-12,2026-08-13,2026-08-20,10.355,0.07546,0.25,5,-0.01886,10.1597,0.061,0.7492,0.5364,1.5318,60.1,64144057,1
SHORT_WATCH,IOVA,2026-08-12,2026-08-13,2026-08-20,6.74,0.07363,0.25,5,-0.01841,6.6159,0.0385,0.553,0.4219,0.9536,53.6,101468431,1
SHORT_WATCH,INSM,2026-08-12,2026-08-13,2026-08-20,132.28,0.04637,0.25,5,-0.01159,130.7465,-0.0022,0.3359,0.2046,0.212,48.7,369268258,1
LONG,SNDK,2026-08-13,2026-08-14,2026-08-21,1528.11,0.11134,0.25,5,0.02784,1570.6454,0.1367,0.2142,0.0829,0.1464,32.2,22069759858,1
LONG,PLTR,2026-08-13,2026-08-14,2026-08-21,179.01,0.04785,0.25,5,0.01196,181.1513,0.0466,0.1481,0.3315,0.3246,37.3,7065153633,1
LONG,NBIS,2026-08-13,2026-08-14,2026-08-21,255.04,0.10441,0.25,5,0.0261,261.6972,-0.016,0.3432,0.4848,0.2761,56.0,5425875749,1
SHORT_WATCH,ABCL,2026-08-13,2026-08-14,2026-08-21,10.97,0.07164,0.25,5,-0.01791,10.7735,0.0594,0.6799,0.7808,1.637,62.0,72861737,1
SHORT_WATCH,P,2026-08-13,2026-08-14,2026-08-21,117.35,0.04864,0.25,5,-0.01216,115.9231,0.0534,0.3448,0.7164,0.5226,49.5,241143764,1
SHORT_WATCH,NBIS,2026-08-13,2026-08-14,2026-08-21,255.04,0.10441,0.25,5,-0.0261,248.3828,-0.016,0.3432,0.4848,0.2761,56.0,5425875749,1
LONG,SNDK,2026-08-14,2026-08-17,2026-08-24,1641.73,0.10228,0.25,5,0.02557,1683.7107,0.0744,0.3543,0.2118,0.1868,34.7,22451595965,1
LONG,PLTR,2026-08-14,2026-08-17,2026-08-24,174.04,0.04832,0.25,5,0.01208,176.1422,-0.0278,0.0118,0.3147,0.2867,40.4,7063593516,1
LONG,NBIS,2026-08-14,2026-08-17,2026-08-24,277.68,0.09512,0.25,5,0.02378,284.2834,0.0888,0.4773,0.5625,0.4043,57.7,5607497282,1
SHORT_WATCH,ABCL,2026-08-14,2026-08-17,2026-08-24,11.38,0.07059,0.25,5,-0.01765,11.1792,0.0374,0.6421,0.7602,1.8099,62.7,78536012,1
SHORT_WATCH,NBIS,2026-08-14,2026-08-17,2026-08-24,277.68,0.09512,0.25,5,-0.02378,271.0766,0.0888,0.4773,0.5625,0.4043,57.7,5607497282,1
SHORT_WATCH,SNDK,2026-08-14,2026-08-17,2026-08-24,1641.73,0.10228,0.25,5,-0.02557,1599.7493,0.0744,0.3543,0.2118,0.1868,34.7,22451595965,1
LONG,SNDK,2026-08-17,2026-08-18,2026-08-25,1786.85,0.09471,0.25,5,0.02368,1829.1581,0.0884,0.4434,0.2846,0.2831,37.9,23188767984,1
LONG,PLTR,2026-08-17,2026-08-18,2026-08-25,172.55,0.0469,0.25,5,0.01172,174.573,-0.0086,-0.0153,0.2796,0.2581,41.4,7069624258,1
LONG,NBIS,2026-08-17,2026-08-18,2026-08-25,268.85,0.09575,0.25,5,0.02394,275.2855,-0.0318,0.4603,0.4722,0.4016,55.4,5718285913,1
SHORT_WATCH,NBIS,2026-08-17,2026-08-18,2026-08-25,268.85,0.09575,0.25,5,-0.02394,262.4145,-0.0318,0.4603,0.4722,0.4016,55.4,5718285913,1
SHORT_WATCH,SNDK,2026-08-17,2026-08-18,2026-08-25,1786.85,0.09471,0.25,5,-0.02368,1744.5419,0.0884,0.4434,0.2846,0.2831,37.9,23188767984,1
SHORT_WATCH,AEHR,2026-08-17,2026-08-18,2026-08-25,145.61,0.09399,0.25,5,-0.0235,142.1886,0.0862,0.3711,0.8822,0.7684,52.9,269121122,1
LONG,SNDK,2026-08-18,2026-08-19,2026-08-26,1625.78,0.10486,0.25,5,0.02621,1668.3992,-0.0901,0.2791,0.0229,0.0542,30.5,23568765463,1
LONG,NBIS,2026-08-18,2026-08-19,2026-08-26,248.43,0.10485,0.25,5,0.02621,254.9419,-0.076,0.2857,0.1453,0.1296,52.4,5723785367,1
LONG,DELL,2026-08-18,2026-08-19,2026-08-26,468.65,0.06887,0.25,5,0.01722,476.7185,-0.0233,0.0628,0.1596,0.8538,15.6,2623459276,1
SHORT_WATCH,NBIS,2026-08-18,2026-08-19,2026-08-26,248.43,0.10485,0.25,5,-0.02621,241.9181,-0.076,0.2857,0.1453,0.1296,52.4,5723785367,1
SHORT_WATCH,SNDK,2026-08-18,2026-08-19,2026-08-26,1625.78,0.10486,0.25,5,-0.02621,1583.1608,-0.0901,0.2791,0.0229,0.0542,30.5,23568765463,1
SHORT_WATCH,KURA,2026-08-18,2026-08-19,2026-08-26,12.33,0.05241,0.25,5,-0.0131,12.1684,0.0931,0.2417,0.1322,0.1078,37.4,15873974,1
LONG,PLTR,2026-08-19,2026-08-20,2026-08-27,175.19,0.04436,0.25,5,0.01109,177.1327,0.0213,0.0243,0.4064,0.2799,27.3,7233008940,1
LONG,NOW,2026-08-19,2026-08-20,2026-08-27,127.2,0.05227,0.25,5,0.01307,128.862,0.0645,0.0181,0.3325,0.2455,19.8,2730423481,1
LONG,MRNA,2026-08-19,2026-08-20,2026-08-27,174.38,0.06596,0.25,5,0.01649,177.2554,1.7697,1.7388,2.0029,2.7197,71.9,2040431289,1
SHORT_WATCH,MRNA,2026-08-19,2026-08-20,2026-08-27,174.38,0.06596,0.25,5,-0.01649,171.5046,1.7697,1.7388,2.0029,2.7197,71.9,2040431289,1
SHORT_WATCH,KURA,2026-08-19,2026-08-20,2026-08-27,12.53,0.05114,0.25,5,-0.01279,12.3698,0.0162,0.2606,0.1888,0.1138,45.0,17980747,1
SHORT_WATCH,BNTX,2026-08-19,2026-08-20,2026-08-27,113.12,0.0348,0.25,5,-0.0087,112.1359,0.2196,0.2198,0.2318,0.2277,44.0,133188538,1
LONG,PLTR,2026-08-20,2026-08-21,2026-08-28,173.96,0.0433,0.25,5,0.01082,175.8431,-0.007,-0.0282,0.4101,0.2735,24.7,7284453535,1
LONG,MRNA,2026-08-20,2026-08-21,2026-08-28,133.32,0.10463,0.25,5,0.02616,136.8073,-0.2355,1.0946,1.3381,1.8348,51.9,2690310775,1
LONG,NOW,2026-08-20,2026-08-21,2026-08-28,129.75,0.04981,0.25,5,0.01245,131.3656,0.02,0.0196,0.4112,0.2985,19.4,2615156354,1
SHORT_WATCH,MRNA,2026-08-20,2026-08-21,2026-08-28,133.32,0.10463,0.25,5,-0.02616,129.8327,-0.2355,1.0946,1.3381,1.8348,51.9,2690310775,1
SHORT_WATCH,IOVA,2026-08-20,2026-08-21,2026-08-28,8.99,0.06604,0.25,5,-0.01651,8.8416,0.1252,0.3788,0.7524,1.1927,63.7,122736011,1
SHORT_WATCH,AMR,2026-08-20,2026-08-21,2026-08-28,194.3,0.04587,0.25,5,-0.01147,192.0718,-0.0006,0.2487,0.3567,0.0076,36.1,56255367,1
LONG,SNDK,2026-08-21,2026-08-24,2026-08-31,1596.08,0.09676,0.25,5,0.02419,1634.6907,-0.0028,-0.0278,0.111,0.0039,22.7,23486301269,1
LONG,PLTR,2026-08-21,2026-08-24,2026-08-31,179.94,0.0428,0.25,5,0.0107,181.8652,0.0344,0.0339,0.4639,0.3579,22.4,7523862218,1
LONG,MRNA,2026-08-21,2026-08-24,2026-08-31,145.13,0.10256,0.25,5,0.02564,148.8513,0.0886,1.292,1.6841,2.0483,55.0,3311949319,1
SHORT_WATCH,MRNA,2026-08-21,2026-08-24,2026-08-31,145.13,0.10256,0.25,5,-0.02564,141.4087,0.0886,1.292,1.6841,2.0483,55.0,3311949319,1
SHORT_WATCH,TEM,2026-08-21,2026-08-24,2026-08-31,72.69,0.06074,0.25,5,-0.01519,71.5862,0.0906,0.398,0.7027,0.541,47.9,384281950,1
SHORT_WATCH,MSTR,2026-08-21,2026-08-24,2026-08-31,119.25,0.05685,0.25,5,-0.01421,117.5553,0.061,0.2817,0.3009,-0.2267,39.2,2121521527,1
LONG,PLTR,2026-08-24,2026-08-25,2026-09-01,175.89,0.04416,0.25,5,0.01104,177.8317,-0.0225,0.0194,0.3373,0.2271,20.8,7591273731,1
LONG,MRNA,2026-08-24,2026-08-25,2026-09-01,138.89,0.10749,0.25,5,0.02687,142.6223,-0.043,1.1547,1.4967,1.9197,55.7,3517286970,1
LONG,MSTR,2026-08-24,2026-08-25,2026-09-01,122.63,0.05637,0.25,5,0.01409,124.3581,0.0283,0.2554,0.2431,-0.1913,41.4,2287767905,1
SHORT_WATCH,MRNA,2026-08-24,2026-08-25,2026-09-01,138.89,0.10749,0.25,5,-0.02687,135.1577,-0.043,1.1547,1.4967,1.9197,55.7,3517286970,1
SHORT_WATCH,BMNR,2026-08-24,2026-08-25,2026-09-01,24.14,0.05301,0.25,5,-0.01325,23.8201,0.0574,0.2888,0.3471,0.254,39.9,693934638,1
SHORT_WATCH,TEM,2026-08-24,2026-08-25,2026-09-01,66.17,0.06926,0.25,5,-0.01731,65.0243,-0.0897,0.2814,0.5421,0.2901,34.5,412156709,1
LONG,SNDK,2026-08-25,2026-08-26,2026-09-02,1480.77,0.1027,0.25,5,0.02567,1518.7882,-0.0083,-0.0892,0.3509,-0.1264,24.3,22383573632,1
LONG,PLTR,2026-08-25,2026-08-26,2026-09-02,172.73,0.04493,0.25,5,0.01123,174.67,-0.018,0.0069,0.3983,0.1034,21.9,7534094787,1
LONG,NBIS,2026-08-25,2026-08-26,2026-09-02,221.97,0.10514,0.25,5,0.02629,227.8047,0.0524,-0.1065,0.3081,-0.0395,36.8,6156161166,1
SHORT_WATCH,MRNA,2026-08-25,2026-08-26,2026-09-02,158.83,0.09739,0.25,5,-0.02435,154.9629,0.1436,1.5227,1.8462,2.3658,60.9,3892704857,1
SHORT_WATCH,TEM,2026-08-25,2026-08-26,2026-09-02,68.73,0.06938,0.25,5,-0.01734,67.5379,0.0387,0.3924,0.6021,0.3618,37.3,428923741,1
SHORT_WATCH,MSTR,2026-08-25,2026-08-26,2026-09-02,126.83,0.05636,0.25,5,-0.01409,125.043,0.0342,0.3708,0.3189,-0.2028,38.8,2424732952,1
LONG,SNDK,2026-08-26,2026-08-27,2026-09-03,1499.37,0.09712,0.25,5,0.02428,1535.7747,0.0126,-0.0443,0.4759,-0.1488,23.1,21811920766,1
LONG,PLTR,2026-08-26,2026-08-27,2026-09-03,177.5,0.04445,0.25,5,0.01111,179.4727,0.0276,0.0132,0.4431,0.1049,26.7,7614593394,1
LONG,NBIS,2026-08-26,2026-08-27,2026-09-03,213.93,0.1041,0.25,5,0.02602,219.4974,-0.0362,-0.0445,0.4433,-0.1912,26.9,5974367210,1
SHORT_WATCH,BMNR,2026-08-26,2026-08-27,2026-09-03,24.91,0.05338,0.25,5,-0.01335,24.5776,0.0036,0.2307,0.5015,0.3215,34.5,758795137,1
SHORT_WATCH,MSTR,2026-08-26,2026-08-27,2026-09-03,123.19,0.05734,0.25,5,-0.01433,121.4242,-0.0287,0.1817,0.3199,-0.1775,31.1,2463177907,1
SHORT_WATCH,SBET,2026-08-26,2026-08-27,2026-09-03,8.32,0.05096,0.25,5,-0.01274,8.214,-0.0036,0.1751,0.355,0.3441,32.5,60451374,1
LONG,NVDA,2026-08-27,2026-08-28,2026-09-04,227.98,0.032,0.25,5,0.008,229.8037,0.0874,0.0513,0.1689,0.0232,24.0,27181330921,1
LONG,PLTR,2026-08-27,2026-08-28,2026-09-04,185.93,0.043,0.25,5,0.01075,187.9289,0.0475,0.0688,0.5208,0.2219,23.4,7823374762,1
LONG,MRVL,2026-08-27,2026-08-28,2026-09-04,241.45,0.07144,0.25,5,0.01786,245.7621,-0.0149,-0.0381,0.3172,-0.1697,30.2,5320880247,1
SHORT_WATCH,OKTA,2026-08-27,2026-08-28,2026-09-04,172.91,0.05381,0.25,5,-0.01345,170.5839,0.2863,0.2888,0.2314,0.2778,40.5,519655071,1
SHORT_WATCH,CRM,2026-08-27,2026-08-28,2026-09-04,252.05,0.04226,0.25,5,-0.01057,249.3871,0.2258,0.2269,0.3948,0.255,45.4,2927206694,1
SHORT_WATCH,MSTR,2026-08-27,2026-08-28,2026-09-04,137.4,0.05636,0.25,5,-0.01409,135.4641,0.1154,0.2225,0.4058,0.0097,36.0,2702235519,1
LONG,PLTR,2026-08-28,2026-08-31,2026-09-08,186.29,0.04138,0.25,5,0.01035,188.2174,0.0019,0.0353,0.5138,0.3101,21.3,7877837618,1
LONG,MRNA,2026-08-28,2026-08-31,2026-09-08,137.99,0.10611,0.25,5,0.02653,141.6506,-0.0335,-0.0492,1.5171,1.8127,38.1,4367915035,1
LONG,CRM,2026-08-28,2026-08-31,2026-09-08,256.0,0.04269,0.25,5,0.01067,258.7322,0.0157,0.2239,0.3912,0.3431,44.3,3277877824,1
SHORT_WATCH,OKTA,2026-08-28,2026-08-31,2026-09-08,166.23,0.05512,0.25,5,-0.01378,163.9393,-0.0386,0.2301,0.1712,0.3336,35.0,537993087,1
SHORT_WATCH,CRM,2026-08-28,2026-08-31,2026-09-08,256.0,0.04269,0.25,5,-0.01067,253.2678,0.0157,0.2239,0.3912,0.3431,44.3,3277877824,1
SHORT_WATCH,ESTC,2026-08-28,2026-08-31,2026-09-08,99.91,0.05145,0.25,5,-0.01286,98.6249,0.1931,0.1626,0.5186,0.5587,54.0,244103682,1
LONG,PLTR,2026-08-31,2026-09-01,2026-09-09,186.38,0.04,0.25,5,0.01,188.2438,0.0005,0.0596,0.4833,0.3153,17.7,7634053441,1
LONG,MRNA,2026-08-31,2026-09-01,2026-09-09,140.34,0.10215,0.25,5,0.02554,143.9238,0.017,0.0104,1.5452,1.7203,39.6,4483953473,1
LONG,CRM,2026-08-31,2026-09-01,2026-09-09,257.54,0.04159,0.25,5,0.0104,260.2179,0.006,0.2319,0.385,0.3645,45.5,3447230845,1
SHORT_WATCH,OKTA,2026-08-31,2026-09-01,2026-09-09,173.04,0.05312,0.25,5,-0.01328,170.7419,0.041,0.3212,0.2223,0.4014,39.1,562362483,1
SHORT_WATCH,CRM,2026-08-31,2026-09-01,2026-09-09,257.54,0.04159,0.25,5,-0.0104,254.8621,0.006,0.2319,0.385,0.3645,45.5,3447230845,1
SHORT_WATCH,CRWD,2026-08-31,2026-09-01,2026-09-09,231.0,0.05333,0.25,5,-0.01333,227.9201,0.0577,0.2115,0.1405,0.285,26.3,2000829163,1
LONG,MRNA,2026-09-01,2026-09-02,2026-09-10,154.27,0.09398,0.25,5,0.02349,157.8945,0.0993,-0.0287,1.707,2.2519,38.0,4671808215,1
LONG,CRM,2026-09-01,2026-09-02,2026-09-10,258.11,0.04077,0.25,5,0.01019,260.7407,0.0022,0.2548,0.3514,0.3902,46.9,3563328913,1
LONG,MSTR,2026-09-01,2026-09-02,2026-09-10,124.88,0.06451,0.25,5,0.01613,126.8939,-0.0606,-0.0154,0.2789,0.0369,25.7,2964916105,1
SHORT_WATCH,OKTA,2026-09-01,2026-09-02,2026-09-10,166.43,0.05602,0.25,5,-0.01401,164.0991,-0.0382,0.2743,0.1259,0.4019,40.2,573798458,1
SHORT_WATCH,CRM,2026-09-01,2026-09-02,2026-09-10,258.11,0.04077,0.25,5,-0.01019,255.4793,0.0022,0.2548,0.3514,0.3902,46.9,3563328913,1
SHORT_WATCH,ESTC,2026-09-01,2026-09-02,2026-09-10,92.39,0.05726,0.25,5,-0.01431,91.0675,-0.0529,0.1491,0.3002,0.4952,47.1,271200311,1
LONG,MRNA,2026-09-02,2026-09-03,2026-09-11,150.81,0.09394,0.25,5,0.02349,154.3519,-0.0224,0.0077,1.6808,2.1683,35.7,4782179960,1
LONG,CRM,2026-09-02,2026-09-03,2026-09-11,256.93,0.04108,0.25,5,0.01027,259.5684,-0.0046,0.2495,0.3314,0.4075,54.2,3655554683,1
LONG,DELL,2026-09-02,2026-09-03,2026-09-11,492.2,0.06325,0.25,5,0.01581,499.9831,0.1581,0.0612,0.0638,0.2281,30.8,3395230564,1
SHORT_WATCH,CRM,2026-09-02,2026-09-03,2026-09-11,256.93,0.04108,0.25,5,-0.01027,254.2916,-0.0046,0.2495,0.3314,0.4075,54.2,3655554683,1
SHORT_WATCH,OKTA,2026-09-02,2026-09-03,2026-09-11,163.15,0.05756,0.25,5,-0.01439,160.8022,-0.0197,0.2137,0.1096,0.3962,40.0,591216979,1
SHORT_WATCH,GTLB,2026-09-02,2026-09-03,2026-09-11,49.59,0.05229,0.25,5,-0.01307,48.9418,0.0998,0.2004,0.3714,0.5956,45.3,266668320,1
LONG,MRNA,2026-09-03,2026-09-04,2026-09-14,148.87,0.09222,0.25,5,0.02306,152.3023,-0.0129,0.0427,1.764,2.119,33.8,4865917552,1
LONG,CRM,2026-09-03,2026-09-04,2026-09-14,264.43,0.04012,0.25,5,0.01003,267.0824,0.0292,0.0491,0.4158,0.508,43.9,3743418879,1
LONG,MSTR,2026-09-03,2026-09-04,2026-09-14,144.82,0.06028,0.25,5,0.01507,147.0025,0.1756,0.054,0.4953,0.2376,28.3,3267610519,1
SHORT_WATCH,CHPT,2026-09-03,2026-09-04,2026-09-14,9.08,0.06431,0.25,5,-0.01608,8.934,0.7495,0.5575,0.5442,0.3084,56.3,22342473,1
SHORT_WATCH,SMMT,2026-09-03,2026-09-04,2026-09-14,17.13,0.05862,0.25,5,-0.01466,16.8789,0.1733,0.1954,0.2651,0.1987,33.7,87327559,1
SHORT_WATCH,ESTC,2026-09-03,2026-09-04,2026-09-14,96.13,0.05543,0.25,5,-0.01386,94.7978,0.0731,0.148,0.3743,0.5692,39.0,286399854,1
LONG,SNDK,2026-09-04,2026-09-08,2026-09-15,1740.0,0.07465,0.25,5,0.01866,1772.4713,0.119,0.1717,0.4354,0.0589,26.0,20613450525,1
LONG,MRNA,2026-09-04,2026-09-08,2026-09-15,145.55,0.09405,0.25,5,0.02351,148.9723,-0.0223,0.0548,1.4599,2.1648,36.7,4954657909,1
LONG,DELL,2026-09-04,2026-09-08,2026-09-15,524.14,0.06124,0.25,5,0.01531,532.1646,0.015,0.1488,0.1551,0.4172,32.3,3959945506,1
SHORT_WATCH,CHPT,2026-09-04,2026-09-08,2026-09-15,9.89,0.06349,0.25,5,-0.01587,9.733,0.0892,0.7756,0.59,0.5453,60.1,28867165,1
SHORT_WATCH,SMMT,2026-09-04,2026-09-08,2026-09-15,17.605,0.05634,0.25,5,-0.01408,17.3571,0.0277,0.2822,0.2611,0.349,35.2,91918434,1
SHORT_WATCH,IREN,2026-09-04,2026-09-08,2026-09-15,44.68,0.07761,0.25,5,-0.0194,43.8131,0.0727,0.2604,0.0837,-0.1328,19.1,1884528718,1
LONG,SNDK,2026-09-08,2026-09-09,2026-09-16,1737.99,0.07242,0.25,5,0.0181,1769.4562,-0.0012,0.1093,0.404,-0.0763,34.9,20913835576,1
LONG,NBIS,2026-09-08,2026-09-09,2026-09-16,243.88,0.07865,0.25,5,0.01966,248.6751,0.0773,0.182,0.3246,0.0974,24.6,5243902517,1
LONG,MRNA,2026-09-08,2026-09-09,2026-09-16,140.33,0.09455,0.25,5,0.02364,143.6472,-0.0359,-0.0001,1.3463,1.827,36.3,5008373906,1
SHORT_WATCH,CHPT,2026-09-08,2026-09-09,2026-09-16,9.37,0.07084,0.25,5,-0.01771,9.2041,-0.0526,0.7036,0.531,0.424,67.7,31300981,1
SHORT_WATCH,BE,2026-09-08,2026-09-09,2026-09-16,277.22,0.07252,0.25,5,-0.01813,272.194,0.0963,0.3438,0.3161,0.1139,35.9,2925526216,1
SHORT_WATCH,EOSE,2026-09-08,2026-09-09,2026-09-16,4.3,0.08721,0.25,5,-0.0218,4.2063,0.1082,0.3354,0.0617,-0.3065,37.5,95069872,1
LONG,SNDK,2026-09-09,2026-09-10,2026-09-17,1764.17,0.06946,0.25,5,0.01736,1794.8029,0.0151,0.1479,0.388,-0.1091,39.0,21160211060,1
LONG,NBIS,2026-09-09,2026-09-10,2026-09-17,240.35,0.0771,0.25,5,0.01927,244.9824,-0.0145,0.2045,0.2439,0.0344,21.3,5163708892,1
LONG,MRNA,2026-09-09,2026-09-10,2026-09-17,135.61,0.09529,0.25,5,0.02382,138.8406,-0.0336,-0.121,1.2389,1.7171,32.2,5047172612,1
SHORT_WATCH,CHPT,2026-09-09,2026-09-10,2026-09-17,8.95,0.07549,0.25,5,-0.01887,8.7811,-0.0448,0.6887,0.4274,0.2535,68.1,32238543,1
SHORT_WATCH,EOSE,2026-09-09,2026-09-10,2026-09-17,4.15,0.08812,0.25,5,-0.02203,4.0586,-0.0349,0.3651,-0.0212,-0.3152,32.2,94725411,1
SHORT_WATCH,BE,2026-09-09,2026-09-10,2026-09-17,269.28,0.07248,0.25,5,-0.01812,264.4005,-0.0286,0.2605,0.2749,0.0348,32.4,2997063739,1
LONG,MRNA,2026-09-10,2026-09-11,2026-09-18,136.62,0.09136,0.25,5,0.02284,139.7404,0.0074,-0.0941,1.1458,1.6208,28.6,5080002778,1
LONG,MSTR,2026-09-10,2026-09-11,2026-09-18,128.56,0.06555,0.25,5,0.01639,130.6668,-0.0312,0.0436,0.3557,-0.0197,32.0,3482176395,1
LONG,BMNR,2026-09-10,2026-09-11,2026-09-18,24.2,0.06404,0.25,5,0.01601,24.5874,-0.0004,0.0494,0.3527,0.4144,29.0,1025686110,1
SHORT_WATCH,CHPT,2026-09-10,2026-09-11,2026-09-18,8.93,0.07546,0.25,5,-0.01886,8.7615,-0.0022,0.7206,0.3953,0.2577,68.4,32867034,1
SHORT_WATCH,DOCN,2026-09-10,2026-09-11,2026-09-18,131.05,0.06948,0.25,5,-0.01737,128.7737,-0.0122,0.2496,-0.0174,-0.2771,27.1,278550165,1
SHORT_WATCH,ROIV,2026-09-10,2026-09-11,2026-09-18,40.94,0.04008,0.25,5,-0.01002,40.5297,-0.0208,0.1978,0.1322,0.3633,40.2,324250765,1
LONG,MRNA,2026-09-11,2026-09-14,2026-09-21,143.97,0.08781,0.25,5,0.02195,147.1304,0.0538,-0.0329,1.2619,1.5987,28.5,5164958236,1
LONG,CRM,2026-09-11,2026-09-14,2026-09-21,247.72,0.04115,0.25,5,0.01029,250.2686,0.0194,-0.0632,0.2302,0.5319,28.2,3901943726,1
LONG,MSTR,2026-09-11,2026-09-14,2026-09-21,130.97,0.06484,0.25,5,0.01621,133.0929,0.0187,-0.0956,0.3488,0.0664,31.9,3520669842,1
SHORT_WATCH,AEHR,2026-09-11,2026-09-14,2026-09-21,94.69,0.10601,0.25,5,-0.0265,92.1806,0.0094,0.2415,-0.232,-0.0967,33.3,275536085,1
SHORT_WATCH,SWKS,2026-09-11,2026-09-14,2026-09-21,88.35,0.04462,0.25,5,-0.01116,87.3644,0.0514,0.2357,0.2665,0.237,43.1,453961752,1
SHORT_WATCH,ROIV,2026-09-11,2026-09-14,2026-09-21,40.82,0.03964,0.25,5,-0.00991,40.4155,-0.0029,0.1863,0.1251,0.3423,38.6,325488113,1
LONG,MRNA,2026-09-14,2026-09-15,2026-09-22,146.69,0.08407,0.25,5,0.02102,149.7732,0.0189,0.0078,1.3166,1.3736,20.0,5230483427,1
LONG,CRM,2026-09-14,2026-09-15,2026-09-22,259.43,0.03992,0.25,5,0.00998,262.019,0.0473,0.0008,0.3222,0.6735,30.4,3985127622,1
LONG,MSTR,2026-09-14,2026-09-15,2026-09-22,136.94,0.06112,0.25,5,0.01528,139.0324,0.0456,-0.041,0.4718,0.1748,28.3,3552599486,1
SHORT_WATCH,RBLX,2026-09-14,2026-09-15,2026-09-22,51.29,0.04662,0.25,5,-0.01166,50.6922,0.1273,0.1843,0.3416,0.0681,50.7,430494788,1
SHORT_WATCH,ROIV,2026-09-14,2026-09-15,2026-09-22,41.02,0.03865,0.25,5,-0.00966,40.6237,0.0049,0.1743,0.1331,0.3147,38.7,332865930,1
SHORT_WATCH,S,2026-09-14,2026-09-15,2026-09-22,22.61,0.05093,0.25,5,-0.01273,22.3221,0.1448,0.1373,-0.0216,0.5277,27.7,184836131,1
LONG,MRNA,2026-09-15,2026-09-16,2026-09-23,143.77,0.0834,0.25,5,0.02085,146.7676,-0.0199,0.0245,1.2304,1.2478,19.6,5278146272,1
LONG,CRM,2026-09-15,2026-09-16,2026-09-23,255.65,0.03964,0.25,5,0.00991,258.1836,-0.0146,0.0262,0.3387,0.6843,23.7,3994866434,1
LONG,MSTR,2026-09-15,2026-09-16,2026-09-23,129.6,0.0663,0.25,5,0.01658,131.7483,-0.0536,-0.0507,0.3268,0.1517,23.3,3603120514,1
SHORT_WATCH,S,2026-09-15,2026-09-16,2026-09-23,23.48,0.05003,0.25,5,-0.01251,23.1863,0.0385,0.2084,0.0761,0.5632,30.9,187180758,1
SHORT_WATCH,ZS,2026-09-15,2026-09-16,2026-09-23,193.89,0.05164,0.25,5,-0.01291,191.387,0.0113,0.1973,0.0512,0.553,30.9,594116449,1
SHORT_WATCH,SWKS,2026-09-15,2026-09-16,2026-09-23,90.0,0.0534,0.25,5,-0.01335,88.7985,0.1355,0.194,0.3288,0.2422,37.1,530756121,1
LONG,MRNA,2026-09-16,2026-09-17,2026-09-24,145.62,0.07971,0.25,5,0.01993,148.5219,0.0129,0.0738,1.3129,1.4538,17.7,5328900366,1
LONG,DELL,2026-09-16,2026-09-17,2026-09-24,563.29,0.0602,0.25,5,0.01505,571.7671,0.0364,0.0524,0.2019,0.3453,45.9,4849866332,1
LONG,CRM,2026-09-16,2026-09-17,2026-09-24,250.54,0.0395,0.25,5,0.00988,253.0141,-0.02,0.0261,0.2774,0.6689,16.9,3974227888,1
SHORT_WATCH,S,2026-09-16,2026-09-17,2026-09-24,23.17,0.05021,0.25,5,-0.01255,22.8792,-0.0132,0.1919,0.0302,0.5719,42.8,190982755,1
SHORT_WATCH,RVTY,2026-09-16,2026-09-17,2026-09-24,145.73,0.03204,0.25,5,-0.00801,144.5626,0.0395,0.1767,0.2811,0.4714,34.3,247252204,1
SHORT_WATCH,IOVA,2026-09-16,2026-09-17,2026-09-24,9.87,0.05236,0.25,5,-0.01309,9.7408,0.0545,0.1708,0.404,1.431,31.5,128981642,1
LONG,PLTR,2026-09-17,2026-09-18,2026-09-25,176.24,0.04074,0.25,5,0.01019,178.035,0.0109,0.0626,0.006,0.5102,14.0,4979784698,1
LONG,DELL,2026-09-17,2026-09-18,2026-09-25,588.4,0.05724,0.25,5,0.01431,596.8196,0.0446,0.1614,0.3448,0.3755,47.7,4969898254,1
LONG,CRM,2026-09-17,2026-09-18,2026-09-25,242.85,0.04049,0.25,5,0.01012,245.3084,-0.0307,-0.0006,0.1784,0.5829,14.4,3992061292,1
SHORT_WATCH,TEM,2026-09-17,2026-09-18,2026-09-25,80.36,0.06064,0.25,5,-0.01516,79.1418,0.1485,0.3681,0.312,0.6532,36.7,556618868,1
SHORT_WATCH,IOVA,2026-09-17,2026-09-18,2026-09-25,10.02,0.0558,0.25,5,-0.01395,9.8802,0.0152,0.231,0.2541,1.2568,40.8,131420578,1
SHORT_WATCH,ILMN,2026-09-17,2026-09-18,2026-09-25,245.18,0.04119,0.25,5,-0.0103,242.6551,0.071,0.2182,0.196,0.4866,30.8,472298493,1
LONG,DELL,2026-09-18,2026-09-21,2026-09-28,568.06,0.0585,0.25,5,0.01463,576.3684,-0.0346,0.0014,0.3065,0.3087,30.5,5224346308,1
LONG,PLTR,2026-09-18,2026-09-21,2026-09-28,177.64,0.03984,0.25,5,0.00996,179.4095,0.0079,0.0622,0.0212,0.5651,15.0,5093865017,1
LONG,CRM,2026-09-18,2026-09-21,2026-09-28,237.92,0.04069,0.25,5,0.01017,240.3404,-0.0203,-0.0396,0.1582,0.5575,14.7,4135385401,1
SHORT_WATCH,TEM,2026-09-18,2026-09-21,2026-09-28,77.84,0.06349,0.25,5,-0.01587,76.6045,-0.0314,0.3191,0.1679,0.4987,36.4,525765714,1
SHORT_WATCH,ZS,2026-09-18,2026-09-21,2026-09-28,197.31,0.04936,0.25,5,-0.01234,194.875,-0.0008,0.1992,0.1278,0.5503,32.0,650042560,1
SHORT_WATCH,RXRX,2026-09-18,2026-09-21,2026-09-28,3.83,0.05602,0.25,5,-0.01401,3.7764,0.0819,0.1969,0.1467,0.1858,32.7,58952777,1
LONG,META,2026-09-21,2026-09-22,2026-09-29,741.245,0.03501,0.25,5,0.00875,747.7328,0.1134,0.1136,0.348,0.3654,48.4,13010356702,1
LONG,AMD,2026-09-21,2026-09-22,2026-09-29,615.52,0.04281,0.25,5,0.0107,622.1079,0.0995,0.2475,0.3006,0.1558,36.8,10513434715,1
LONG,INTC,2026-09-21,2026-09-22,2026-09-29,121.78,0.054,0.25,5,0.0135,123.4241,0.1214,0.253,0.3521,-0.0835,37.1,10295815493,1
SHORT_WATCH,ARM,2026-09-21,2026-09-22,2026-09-29,322.9,0.05833,0.25,5,-0.01458,318.1916,0.1716,0.351,0.3271,-0.0714,39.0,1190119542,1
SHORT_WATCH,ALAB,2026-09-21,2026-09-22,2026-09-29,340.74,0.06828,0.25,5,-0.01707,334.9237,0.1236,0.3256,0.1957,-0.1439,31.9,1100665047,1
SHORT_WATCH,TEM,2026-09-21,2026-09-22,2026-09-29,78.03,0.06166,0.25,5,-0.01542,76.8271,0.0024,0.2543,0.0735,0.4221,35.9,489723556,1
LONG,SNDK,2026-09-22,2026-09-23,2026-09-30,1887.04,0.06247,0.25,5,0.01562,1916.5092,0.0682,0.2326,0.2638,-0.0974,29.1,17722956902,1
LONG,META,2026-09-22,2026-09-23,2026-09-30,736.595,0.03536,0.25,5,0.00884,743.1063,-0.0063,0.099,0.3177,0.3387,48.6,13682987787,1
LONG,AMD,2026-09-22,2026-09-23,2026-09-30,623.77,0.04131,0.25,5,0.01033,630.2125,0.0134,0.2371,0.3657,0.1959,35.2,11016385623,1
SHORT_WATCH,ALAB,2026-09-22,2026-09-23,2026-09-30,363.46,0.06615,0.25,5,-0.01654,357.4493,0.0667,0.4392,0.3096,-0.0722,30.3,1148638867,1
SHORT_WATCH,ARM,2026-09-22,2026-09-23,2026-09-30,333.2,0.05591,0.25,5,-0.01398,328.5427,0.0319,0.3778,0.3954,-0.0032,38.6,1273982409,1
SHORT_WATCH,VKTX,2026-09-22,2026-09-23,2026-09-30,40.85,0.05505,0.25,5,-0.01376,40.2878,0.3567,0.3639,0.2293,0.0739,48.2,149442279,1
LONG,META,2026-09-23,2026-09-24,2026-10-01,744.1,0.03512,0.25,5,0.00878,750.6338,0.0102,0.1051,0.3053,0.3226,47.1,14551545873,1
LONG,INTC,2026-09-23,2026-09-24,2026-10-01,122.6,0.05123,0.25,5,0.01281,124.1701,-0.0102,0.2133,0.4015,-0.0692,30.5,10711047968,1
LONG,PLTR,2026-09-23,2026-09-24,2026-10-01,191.79,0.03693,0.25,5,0.00923,193.5606,0.0368,0.1001,0.1103,0.6576,24.3,4945031708,1
SHORT_WATCH,VKTX,2026-09-23,2026-09-24,2026-10-01,41.65,0.05938,0.25,5,-0.01484,41.0317,0.0196,0.4109,0.2189,0.0534,53.6,178623550,1
SHORT_WATCH,ARM,2026-09-23,2026-09-24,2026-10-01,332.56,0.05468,0.25,5,-0.01367,328.0135,-0.0019,0.3631,0.3767,-0.0321,39.1,1347866854,1
SHORT_WATCH,ALAB,2026-09-23,2026-09-24,2026-10-01,360.46,0.0652,0.25,5,-0.0163,354.5842,-0.0083,0.3391,0.2753,-0.2094,30.3,1182739719,1
LONG,META,2026-09-24,2026-09-25,2026-10-02,777.59,0.03459,0.25,5,0.00865,784.3145,0.045,0.1396,0.3497,0.3804,49.9,14999872334,1
LONG,AMD,2026-09-24,2026-09-25,2026-10-02,629.26,0.04064,0.25,5,0.01016,635.654,0.0238,0.1544,0.3084,0.0832,32.3,11514798353,1
LONG,INTC,2026-09-24,2026-09-25,2026-10-02,127.39,0.0502,0.25,5,0.01255,128.9888,0.0391,0.1709,0.4437,-0.0877,32.1,11136687168,1
SHORT_WATCH,VKTX,2026-09-24,2026-09-25,2026-10-02,36.75,0.0752,0.25,5,-0.0188,36.0591,-0.1176,0.2517,0.0689,-0.0579,46.8,229404960,1
SHORT_WATCH,MRNA,2026-09-24,2026-09-25,2026-10-02,194.82,0.06697,0.25,5,-0.01674,191.5583,0.0698,0.2325,0.3018,1.782,45.0,2551491754,1
SHORT_WATCH,ALAB,2026-09-24,2026-09-25,2026-10-02,360.51,0.06438,0.25,5,-0.01609,354.708,0.0001,0.2281,0.2419,-0.2536,30.6,1216095364,1
LONG,META,2026-09-25,2026-09-28,2026-10-05,751.66,0.03618,0.25,5,0.00904,758.4586,-0.0333,0.129,0.3162,0.2264,42.8,15535871642,1
LONG,AMD,2026-09-25,2026-09-28,2026-10-05,630.63,0.03919,0.25,5,0.0098,636.808,0.0022,0.1265,0.323,0.1659,34.6,11678898079,1
LONG,INTC,2026-09-25,2026-09-28,2026-10-05,123.0,0.05092,0.25,5,0.01273,124.5659,-0.0345,0.1326,0.3356,-0.0316,28.9,11274703422,1
SHORT_WATCH,MRNA,2026-09-25,2026-09-28,2026-10-05,198.88,0.06456,0.25,5,-0.01614,195.6699,0.0208,0.2911,0.393,1.7432,45.7,2511746440,1
SHORT_WATCH,VKTX,2026-09-25,2026-09-28,2026-10-05,35.56,0.08009,0.25,5,-0.02002,34.848,-0.0324,0.2266,0.0502,-0.0512,49.6,249812241,1
SHORT_WATCH,P,2026-09-25,2026-09-28,2026-10-05,126.0,0.05568,0.25,5,-0.01392,124.2462,0.0338,0.2099,0.2696,0.6334,41.9,774725112,1
LONG,AMD,2026-09-28,2026-09-29,2026-10-06,607.87,0.04181,0.25,5,0.01045,614.2239,-0.0361,-0.0124,0.3056,0.1739,19.8,11993435903,1
LONG,MSTR,2026-09-28,2026-09-29,2026-10-06,157.14,0.05545,0.25,5,0.01386,159.3182,-0.0093,-0.0674,0.2343,0.5594,25.8,3484475219,1
LONG,MRNA,2026-09-28,2026-09-29,2026-10-06,197.28,0.06432,0.25,5,0.01608,200.4523,-0.008,0.1407,0.4297,1.4734,30.6,2465376954,1
SHORT_WATCH,MRNA,2026-09-28,2026-09-29,2026-10-06,197.28,0.06432,0.25,5,-0.01608,194.1077,-0.008,0.1407,0.4297,1.4734,30.6,2465376954,1
SHORT_WATCH,ILMN,2026-09-28,2026-09-29,2026-10-06,271.9,0.04257,0.25,5,-0.01064,269.0063,0.007,0.1385,0.2612,0.4411,33.4,955612427,1
SHORT_WATCH,P,2026-09-28,2026-09-29,2026-10-06,129.4,0.05381,0.25,5,-0.01345,127.6593,0.027,0.1385,0.3854,0.7797,40.6,789928815,1
LONG,BE,2026-09-29,2026-09-30,2026-10-07,291.25,0.07317,0.25,5,0.01829,296.578,0.108,0.0532,0.4118,-0.0129,28.4,4675900457,1
LONG,MSTR,2026-09-29,2026-09-30,2026-10-07,154.67,0.05659,0.25,5,0.01415,156.8584,-0.0157,-0.0757,0.1635,0.5349,30.0,3450062302,1
LONG,MRNA,2026-09-29,2026-09-30,2026-10-07,203.46,0.06455,0.25,5,0.01614,206.7433,0.0313,0.1145,0.4498,1.4873,27.6,2470142625,1
SHORT_WATCH,IOVA,2026-09-29,2026-09-30,2026-10-07,14.45,0.05801,0.25,5,-0.0145,14.2405,0.3148,0.3581,0.7687,2.4487,57.8,185301977,1
SHORT_WATCH,P,2026-09-29,2026-09-30,2026-10-07,130.05,0.05231,0.25,5,-0.01308,128.3493,0.005,0.1728,0.3991,0.6731,40.7,804338816,1
SHORT_WATCH,ABCL,2026-09-29,2026-09-30,2026-10-07,14.82,0.05467,0.25,5,-0.01367,14.6175,0.0647,0.1715,0.2909,0.8831,36.5,56549618,1
LONG,AMD,2026-09-30,2026-10-01,2026-10-08,611.76,0.03963,0.25,5,0.00991,617.8207,0.0069,-0.0046,0.331,0.1853,21.2,12341516238,1
LONG,INTC,2026-09-30,2026-10-01,2026-10-08,120.23,0.05134,0.25,5,0.01284,121.7732,0.0371,-0.0193,0.3514,0.0891,18.6,12005745181,1
LONG,MSTR,2026-09-30,2026-10-01,2026-10-08,153.09,0.05847,0.25,5,0.01462,155.3276,-0.0102,-0.0562,0.2259,0.5724,30.3,3445297570,1
SHORT_WATCH,IOVA,2026-09-30,2026-10-01,2026-10-08,14.82,0.05739,0.25,5,-0.01435,14.6074,0.0256,0.4544,0.7899,2.4069,57.6,204245219,1
SHORT_WATCH,P,2026-09-30,2026-10-01,2026-10-08,130.78,0.0502,0.25,5,-0.01255,129.1387,0.0056,0.1927,0.3945,0.6713,52.1,812657885,1
SHORT_WATCH,ABCL,2026-09-30,2026-10-01,2026-10-08,14.59,0.05379,0.25,5,-0.01345,14.3938,-0.0155,0.1852,0.2934,0.8973,45.9,57700123,1
LONG,AMD,2026-10-01,2026-10-02,2026-10-09,615.73,0.03863,0.25,5,0.00966,621.6757,0.0065,-0.0215,0.3472,0.19,21.5,12596190868,1
LONG,INTC,2026-10-01,2026-10-02,2026-10-09,120.0,0.05062,0.25,5,0.01266,121.5187,-0.0019,-0.058,0.3326,0.0885,18.6,12349954673,1
LONG,MSTR,2026-10-01,2026-10-02,2026-10-09,160.5,0.05577,0.25,5,0.01394,162.7376,0.0484,-0.0069,0.3029,0.7098,30.6,3509060339,1
SHORT_WATCH,IOVA,2026-10-01,2026-10-02,2026-10-09,14.23,0.05971,0.25,5,-0.01493,14.0176,-0.0398,0.3176,0.6508,2.3248,52.6,210264902,1
SHORT_WATCH,ACN,2026-10-01,2026-10-02,2026-10-09,212.3,0.04513,0.25,5,-0.01128,209.9049,0.1578,0.1967,0.1312,0.5475,51.8,1259093348,1
SHORT_WATCH,SNPS,2026-10-01,2026-10-02,2026-10-09,490.54,0.03919,0.25,5,-0.0098,485.7339,0.1278,0.1545,0.1793,0.129,40.7,945227536,1
