date,equity,n_pos,gross
2025-07-02,0.999550067496625,3,0.45013503375759534
2025-07-03,1.0001038146900856,6,0.8973371216350847
2025-07-07,0.9969771204958056,7,1.0471876788156358
2025-07-08,0.9796742868128562,7,1.0073472249179047
2025-07-09,0.9894271754600572,7,1.007274802542345
2025-07-10,1.0051440470812487,7,1.00716105055032
2025-07-11,1.0152573913327299,7,1.0070897167486301
2025-07-14,1.0188005182874522,7,1.0070650605317726
2025-07-15,1.0268697781445164,7,1.0070095424801655
2025-07-16,1.0171184012194388,7,1.007076744775114
2025-07-17,1.0335237973023883,7,0.9402614539698594
2025-07-18,1.0122466049661831,7,0.9226086259439132
2025-07-21,0.9886743087729662,7,0.9156416450060539
2025-07-22,0.9529613473067834,7,0.9310920605808769
2025-07-23,0.9731509367621504,7,0.9325216671861137
2025-07-24,0.9769618027501058,7,0.9327848820658771
2025-07-25,0.9779615663198064,7,0.9328535956314792
2025-07-28,0.9804715317173148,7,0.9330254875692664
2025-07-29,0.9726714729063711,7,0.9324884047511253
2025-07-30,0.9808483987351326,7,0.9330512208883015
2025-07-31,1.0011154009328112,7,0.9819776111729264
2025-08-01,0.9566360928007718,7,0.9872189293497544
2025-08-04,0.9892737837673218,7,0.9325175179927178
2025-08-05,0.98685912800531,7,0.9449788263823281
2025-08-06,0.9803569976554959,7,0.9531900809956386
2025-08-07,0.9738901020328125,7,0.9528792503796629
2025-08-08,0.9917475246928596,7,0.9537277073922369
2025-08-11,0.98672152009033,7,0.9534920129730102
2025-08-12,1.0226541500927528,7,0.955126147337836
2025-08-13,1.023370971288273,7,0.9551575792717244
2025-08-14,1.025768735915603,7,0.9701969287535086
2025-08-15,1.0228994780170924,7,0.9518588076264801
2025-08-18,1.0243919403816237,7,0.958336115410906
2025-08-19,0.9970879144496266,7,0.97114253708322
2025-08-20,0.9927372825727522,8,1.0701076263375828
2025-08-21,0.9984821696237469,8,1.0684849852514744
2025-08-22,1.0030394495835788,8,1.0678806739874616
2025-08-25,0.9885849903512319,8,1.0654561676614764
2025-08-26,0.987359055903591,8,1.0705437226991148
2025-08-27,0.9929932099021829,7,0.997885680281232
2025-08-28,1.0103248864895595,7,1.0047073239287883
2025-08-29,1.0061243361237215,7,0.9004760733903358
2025-09-02,0.9987571468529013,7,0.8997419493776876
2025-09-03,1.0039884256088563,7,0.9018155625357034
2025-09-04,1.0062786520306481,7,0.8946238439249832
2025-09-05,1.0275877873822088,7,0.8968090341347171
2025-09-08,1.0372571879438526,7,0.8977709891781644
2025-09-09,1.033347229692674,7,0.897384177124203
2025-09-10,1.0598243748716003,7,0.8999477849297572
2025-09-11,1.0838754641288657,7,0.9021679336780967
2025-09-12,1.0846635658799186,7,0.8625376042063861
2025-09-15,1.0867840347751148,7,0.9221206432824819
2025-09-16,1.0918817008011927,7,0.9224842384875123
2025-09-17,1.0964326334118486,7,0.9229772351766349
2025-09-18,1.1027367542153776,7,0.9572402247194282
2025-09-19,1.1210217919285166,7,0.9579376813694597
2025-09-22,1.1286103960196403,7,0.9582205019817522
2025-09-23,1.13710140672686,7,0.9585324795792791
2025-09-24,1.155074178273471,7,0.9591777076392121
2025-09-25,1.141375919546111,7,0.9586877776231446
2025-09-26,1.1357378483513636,7,0.9006439138552813
2025-09-29,1.1905443421945854,7,0.8703566724190599
2025-09-30,1.1911558976447223,7,0.870423233046189
2025-10-01,1.1973448013389385,7,0.8155785945334066
2025-10-02,1.2161661138054771,7,0.7876184956737297
2025-10-03,1.219539702007981,7,0.7882060023668251
2025-10-06,1.195587156280996,7,0.7803427937692418
2025-10-07,1.2144610020028224,7,0.783756469642942
2025-10-08,1.2258247563701463,7,0.785761110477393
2025-10-09,1.2426381248360425,7,0.7886598444831145
2025-10-10,1.2088292383530885,7,0.7538833451651991
2025-10-13,1.2740466565360844,7,0.7928561853514382
2025-10-14,1.2711250184438085,7,0.7923800722621078
2025-10-15,1.2630626688130022,7,0.7422367203257116
2025-10-16,1.1874514432712915,7,0.655751626360015
2025-10-17,1.174180915396594,7,0.6518609502484333
2025-10-20,1.1857958534525235,7,0.7398227639853815
2025-10-21,1.1549710694539497,7,0.7328789475439115
2025-10-22,1.110879279827594,7,0.8283339394893069
2025-10-23,1.1578056615598318,7,0.8352916417647833
2025-10-24,1.2115669854306788,7,0.8933935972347854
2025-10-27,1.1813569033013818,7,0.9954897043403261
2025-10-28,1.186253225686082,7,0.9955083208221381
2025-10-29,1.230964293425198,7,0.9956714675300127
2025-10-30,1.2367869892609766,7,0.9771498822755919
2025-10-31,1.2331896324711404,7,0.9770832258393224
2025-11-03,1.2482914303783401,7,0.8952643859434696
2025-11-04,1.2122985456822417,8,0.9922648189501573
2025-11-05,1.272482241254291,8,1.0609317519936339
2025-11-06,1.2676408388469729,8,1.0623588037786675
2025-11-07,1.2778372000733185,7,0.9499074365385743
2025-11-10,1.307734318771747,8,1.057789495255129
2025-11-11,1.306980982247413,8,1.0586075522351128
2025-11-12,1.291351481756838,8,1.0539189378695784
2025-11-13,1.2630572300883383,8,1.005082402863912
2025-11-14,1.2724021893719826,8,1.0064655245787681
2025-11-17,1.2833616041450737,7,0.9712220513030947
2025-11-18,1.2834588317764126,7,0.9712242313588295
2025-11-19,1.269017879188904,7,0.8803438865217964
2025-11-20,1.2291980037837202,7,0.9600454573044956
2025-11-21,1.2406058613053954,7,0.9619249991867156
2025-11-24,1.282036849343846,7,0.9467909181052935
2025-11-25,1.3043171744109767,7,0.9476998347893606
2025-11-26,1.3115010925552708,7,0.9479863157598604
2025-11-28,1.3219653093463595,7,0.9483980379617546
2025-12-01,1.2903431130155734,7,0.9471334383694696
2025-12-02,1.2678413851968613,7,0.9571105272936041
2025-12-03,1.2840750575702833,7,0.957652749217533
2025-12-04,1.2840064729553795,7,0.9210448899285256
2025-12-05,1.2907465401883955,6,0.7756142510978732
2025-12-08,1.29715744645875,7,0.9099407256597449
2025-12-09,1.2888533707399645,7,0.9278205980257339
2025-12-10,1.2977995884481246,7,0.9283181576257326
2025-12-11,1.309777280858613,7,0.928725875524273
2025-12-12,1.2779538635875183,7,0.9269510178643446
2025-12-15,1.2723064712309848,7,0.9266267750245152
2025-12-16,1.2310753785809083,7,0.9286043046424444
2025-12-17,1.2170577921338595,8,0.9977688808568003
2025-12-18,1.2154907733337368,8,1.0522693626853814
2025-12-19,1.2300232205165724,8,1.0659289639133267
2025-12-22,1.2439791808917808,7,0.9662851346965308
2025-12-23,1.2484011217613578,7,0.9495037016555098
2025-12-24,1.251467331483939,7,0.9496274222170002
2025-12-26,1.2550735139646216,7,0.9962896198239232
2025-12-29,1.2281422228259522,7,0.9962082568295566
2025-12-30,1.227458612825366,7,0.996206145089475
2025-12-31,1.2152119288199326,7,1.021106162275679
2026-01-02,1.214673815652606,7,1.0304611507287489
2026-01-05,1.257904299843019,7,1.0053508231668726
2026-01-06,1.300591747398861,7,1.0051752008136066
2026-01-07,1.289524666406147,7,0.9611844726921291
2026-01-08,1.2820473800669958,7,0.960958088849692
2026-01-09,1.3033754258643122,7,0.9615969590113542
2026-01-12,1.353567611085826,8,0.9228307618770293
2026-01-13,1.3475859571449391,8,0.9191928169974376
2026-01-14,1.364820823230605,8,0.9195500525161407
2026-01-15,1.3668726948590992,8,0.9214096519799152
2026-01-16,1.3648425574799818,8,0.8751383346497631
2026-01-20,1.3691003470677516,7,0.8950682940573736
2026-01-21,1.3774497952738458,7,0.8957043403560853
2026-01-22,1.412746386589493,7,0.9641287446820397
2026-01-23,1.3978258665939063,7,0.9708627884848858
2026-01-26,1.3343332261094367,7,1.0269591724158984
2026-01-27,1.389047092004769,7,1.0360537223833075
2026-01-28,1.398733363327116,7,1.0358040492530731
2026-01-29,1.4049107309471436,7,1.0356466194821632
2026-01-30,1.291190411823612,7,1.0135049687111168
2026-02-02,1.287570033299919,7,1.013542941867854
2026-02-03,1.2739562381076899,7,0.9398665471480777
2026-02-04,1.1934390704746591,7,0.8845819469788178
2026-02-05,1.1712549120820308,7,0.9312061002534057
2026-02-06,1.2164354056261877,7,0.9337612234675139
2026-02-09,1.2338790852759545,7,0.9209257437365227
2026-02-10,1.2282253967779997,7,0.9205617541835515
2026-02-11,1.269414717939442,7,0.9231393258574853
2026-02-12,1.2326817121221865,7,0.9208489344590972
2026-02-13,1.240176017470703,7,0.9533781042214605
2026-02-17,1.2178696090665855,7,0.9525241810756095
2026-02-18,1.2293927422232813,7,0.9491399300875316
2026-02-19,1.2244403934522243,7,0.9573393405576804
2026-02-20,1.2265367668024734,7,0.8622378013666131
2026-02-23,1.2083853792314994,7,0.8601684490697369
2026-02-24,1.2215668457682407,7,0.820159887928668
2026-02-25,1.2207395423027847,7,0.8200380090652507
2026-02-26,1.1611060418106156,7,0.9358940646151643
2026-02-27,1.1679516902619997,7,0.936269805068259
2026-03-02,1.1823229687120278,7,0.960027350210026
2026-03-03,1.1305026163438894,7,0.9614364460143079
2026-03-04,1.1449790273794984,7,0.9435070855381613
2026-03-05,1.106281450883461,7,0.9609222559220375
2026-03-06,1.0590850505268408,7,0.9691628657634593
2026-03-09,1.0968035463248402,7,0.9702233385546177
2026-03-10,1.093866892663029,7,0.9701433985340754
2026-03-11,1.0944604145099246,7,0.970159589658952
2026-03-12,1.0975260310877089,7,0.8970326297096269
2026-03-13,1.087014008346892,7,0.8960368786615787
2026-03-16,1.084440429791221,7,0.8957901548653175
2026-03-17,1.0946404720122798,7,0.8552302684997161
2026-03-18,1.095094919041531,7,0.8552903456430412
2026-03-19,1.1014077815013097,7,0.8792441312615444
2026-03-20,1.0836485457698166,7,0.9068157441104397
2026-03-23,1.0821568698536588,7,0.9066872962724711
2026-03-24,1.122209830680417,7,0.9100177340968942
2026-03-25,1.137310790822975,7,0.9112124986431417
2026-03-26,1.1441191471420018,7,1.004649051676087
2026-03-27,1.157417477716976,7,1.00459563566394
2026-03-30,1.1421044682691492,7,1.0279801747719444
2026-03-31,1.1140597394205038,7,1.0373138352531603
2026-04-01,1.0872163202275582,7,1.0382351155014071
2026-04-02,1.112507172551762,7,0.9513234032474462
2026-04-06,1.1042378243537012,7,0.8880432149325395
2026-04-07,1.1155300861452129,7,0.8891765284504979
2026-04-08,1.0649728762575204,7,0.8836087378199329
2026-04-09,1.0420932294415384,7,0.8663567320439096
2026-04-10,1.0330670795427104,7,0.8651890593986106
2026-04-13,1.0602640544962254,7,0.8686471128518495
2026-04-14,1.0277004316015752,6,0.7373648429545286
2026-04-15,1.0101580868995776,6,0.7728405404352404
2026-04-16,1.036317719062898,7,0.8635902207380528
2026-04-17,1.0286501996649053,7,0.7914501653938574
2026-04-20,1.0542661770463162,7,0.7965173941094128
2026-04-21,1.0760119096857574,7,0.800629689061395
2026-04-22,1.105828382252803,7,0.8293186749695598
2026-04-23,1.1246184676318982,7,0.832744972010255
2026-04-24,1.1483008633479665,7,0.836194416214979
2026-04-27,1.112589835449963,7,0.8309367142425088
2026-04-28,1.0641102632620476,7,0.7925012640891275
2026-04-29,1.073935759518197,7,0.8011007815450997
2026-04-30,1.109988802520731,7,0.8621378711703155
2026-05-01,1.13436485499798,7,0.9369299096315
2026-05-04,1.1300569288846787,7,0.9366894781255095
2026-05-05,1.1932653626004597,7,0.9400430984105179
2026-05-06,1.2594346178193072,7,0.9354100763322829
2026-05-07,1.2073523328049511,7,0.9326725704988601
2026-05-08,1.290949734499226,7,0.9370324599807176
2026-05-11,1.3185927918311195,7,0.9383525152165603
2026-05-12,1.2694195323854895,7,0.9309687995918953
2026-05-13,1.3003627284175752,8,0.944640001593246
2026-05-14,1.3108730271778353,8,0.9168584306413853
2026-05-15,1.2754004135544423,8,0.8665269144006043
2026-05-18,1.2140493132740142,8,0.8776690675402509
2026-05-19,1.2051736370391661,8,0.8747325889303776
2026-05-20,1.227919989583541,7,0.839012966831141
2026-05-21,1.2539385201928968,7,0.8415687947923135
2026-05-22,1.2802796630829039,7,0.8448284412078182
2026-05-26,1.3014878843796156,7,0.8321633987970231
2026-05-27,1.290957119616472,7,0.7879271910628907
2026-05-28,1.3063027154773144,7,0.843372637248917
2026-05-29,1.3255324761010905,7,0.8456448612397588
2026-06-01,1.3394326449592373,8,0.9146189567395742
2026-06-02,1.3659232891771478,8,0.8226404350349966
2026-06-03,1.3462125196764703,8,0.8156993185259482
2026-06-04,1.330774001657353,8,0.8136658401289999
2026-06-05,1.2420723363183344,7,0.7534420847259437
2026-06-08,1.260983445795158,7,0.8641964283845711
2026-06-09,1.2355271095488642,7,0.9025524029768937
2026-06-10,1.2165417078490806,7,0.9132558419907579
2026-06-11,1.2624819313430071,7,0.9073406713559771
2026-06-12,1.2742644602116528,7,0.9081974489314235
2026-06-15,1.2983784999438999,7,0.9099024450970908
2026-06-16,1.2669242739670903,7,0.907665571978384
2026-06-17,1.2552232897006932,7,0.9068048456849889
2026-06-18,1.2886519814283632,7,0.9092224045984946
2026-06-22,1.3061113184175286,7,0.8619096216340428
2026-06-23,1.2771383370403004,7,0.778363732735497
2026-06-24,1.2839033763984453,7,0.8183502496711458
2026-06-25,1.2790031007280158,7,0.7977707541770526
2026-06-26,1.2873148824324339,7,0.7559924370145605
2026-06-29,1.3286694275100421,7,0.7635871189977753
2026-06-30,1.350776610329994,7,0.7674563174583785
2026-07-01,1.3608298192242758,7,0.7691742473454304
2026-07-02,1.3337579755487985,7,0.8323474971093862
2026-07-06,1.3430010282498333,7,0.8335013465012198
2026-07-07,1.3117622428209934,7,0.8245334326635152
2026-07-08,1.3031016976283352,7,0.9094716160841306
2026-07-09,1.318424233690421,7,0.9438112346529366
2026-07-10,1.2899550737348002,7,0.9990080546606942
2026-07-13,1.2870344259748328,7,1.0093079040519828
2026-07-14,1.2656259052010665,7,1.0173197375942313
2026-07-15,1.2846844741539647,7,1.0170627955825338
2026-07-16,1.2687788894981764,7,1.0172766971077316
2026-07-17,1.2864917944899623,6,0.8603871795285577
2026-07-20,1.2721863760936492,7,1.0089897940737984
2026-07-21,1.272299891286082,6,0.8590757558332758
2026-07-22,1.2556882297611813,6,0.8567140338517188
2026-07-23,1.246556050720608,7,0.908160669278162
2026-07-24,1.237442957033239,6,0.7482601411411431
2026-07-27,1.2257837635950786,4,0.5061695633907048
2026-07-28,1.2146405534054345,5,0.6753331473503736
2026-07-29,1.2070376064297093,5,0.6796731662965275
2026-07-30,1.2146149526968595,4,0.6168122943252561
2026-07-31,1.2108036172714272,4,0.6156061062561129
2026-08-03,1.200695326213725,4,0.6123700102424643
2026-08-04,1.2103360759850041,3,0.4609501357000352
2026-08-05,1.201378790123906,2,0.2928971340116487
2026-08-06,1.197832675543087,1,0.15488027234230325
2026-08-07,1.1956292686809906,1,0.1533228141435187
2026-08-10,1.195455488980017,2,0.29871203772283067
2026-08-11,1.1939956787687824,3,0.44802715067589377
2026-08-12,1.1936785192283463,4,0.594490623801361
2026-08-13,1.2040931012611569,6,0.8981156899139955
2026-08-14,1.1869117900494401,7,1.0468133749042332
2026-08-17,1.1622553301923293,7,1.0478064889550942
2026-08-18,1.1605505755385757,7,1.0478767128093953
2026-08-19,1.1700705670264073,7,1.047487175706886
2026-08-20,1.1650950376789944,7,1.0476899693234702
2026-08-21,1.174492230451965,7,1.0473083986127836
2026-08-24,1.1775588520286016,7,0.995781651081229
2026-08-25,1.1894357367445492,7,0.9825230812082696
2026-08-26,1.1790123570219888,7,0.9722399556413946
2026-08-27,1.1890371057881333,7,0.9689032684082021
2026-08-28,1.1768329229551002,7,0.9567195362086822
2026-08-31,1.1939815650100165,7,0.9573411548360367
2026-09-01,1.167415941127097,7,0.9563704135638116
2026-09-02,1.1782926784183203,7,0.918624047730948
2026-09-03,1.1896201979143457,7,0.9193989065366839
2026-09-04,1.1635522298992684,7,0.9447681733709667
2026-09-08,1.1380027261418073,7,0.9986023636337508
2026-09-09,1.113389840177628,7,1.0038456165094942
2026-09-10,1.0928091301358849,8,1.0837263518526208
2026-09-11,1.1086987089520066,8,1.0356426697453347
2026-09-14,1.130925469469172,8,1.0249839256859015
2026-09-15,1.1360235590241639,8,1.0247348554897064
2026-09-16,1.1431362995927346,8,1.0260222675715867
2026-09-17,1.1548722504086166,7,0.9763969980920155
2026-09-18,1.1761439272539,7,0.9768238807358239
2026-09-21,1.1572563372455742,7,0.9204534670688442
2026-09-22,1.1617261095346731,7,0.894149121266259
2026-09-23,1.1482146018648192,6,0.7516005287777492
2026-09-24,1.1590657205402795,7,0.9053692087357795
2026-09-25,1.1392949287955436,7,0.9368645983015802
2026-09-28,1.1400008442291016,7,0.9056687955254299
2026-09-29,1.200866461621622,7,0.9104499491201196
2026-09-30,1.2194344252770473,7,0.9118135009894232
2026-10-01,1.2223028157720681,7,0.8472191760515957
2026-10-02,1.220799961705855,0,0.0
