source,side,symbol,signal_date,order_date,sell_by,entry,target,exit,exit_date,days,exit_reason,ret,tag,atr_pct,ret_5,ret_20,ret_60,rev_score,dollar_vol20
LIVE,LONG,AMD,2026-10-02,2026-10-05,2026-10-12,,,,,,,,PENDING,0.03819,0.0052,0.3897,0.1595,33.4,12886720486
LIVE,LONG,INTC,2026-10-02,2026-10-05,2026-10-12,,,,,,,,PENDING,0.05148,-0.0298,0.3017,0.0603,21.5,12552818632
LIVE,LONG,MRVL,2026-10-02,2026-10-05,2026-10-12,,,,,,,,PENDING,0.04776,0.0395,0.3039,0.1193,23.5,4335434889
LIVE,SHORT_WATCH,IOVA,2026-10-02,2026-10-05,2026-10-12,,,,,,,,PENDING,0.05953,0.2923,0.6339,2.2529,54.5,212371552
LIVE,SHORT_WATCH,SNPS,2026-10-02,2026-10-05,2026-10-12,,,,,,,,PENDING,0.03889,0.1506,0.1768,0.1049,39.9,996366723
LIVE,SHORT_WATCH,FORM,2026-10-02,2026-10-05,2026-10-12,,,,,,,,PENDING,0.0488,0.1501,0.5414,0.2487,33.4,159836412
SIMULATED,LONG,MU,2026-07-09,2026-07-10,2026-07-17,979.3,1001.6035575,848.95,2026-07-17,5.0,time limit (day 5),-0.13360527928111904,FAIL,0.0911,-0.0394,0.0596,1.3247,20.6,58165014470
SIMULATED,LONG,SNDK,2026-07-09,2026-07-10,2026-07-17,1915.92,1968.8664492000003,1354.82,2026-07-17,5.0,time limit (day 5),-0.29336191490250124,FAIL,0.11054,-0.0856,0.1286,0.9509,17.6,23742066104
SIMULATED,LONG,AMD,2026-07-09,2026-07-10,2026-07-17,557.89,567.4466557000001,567.4466557000001,2026-07-14,2.0,target hit (day 2),0.01663000000000009,SUCCESS,0.06852,0.0108,0.1498,1.215,15.5,16144911699
SIMULATED,SHORT_WATCH,KURA,2026-07-09,2026-07-10,2026-07-17,11.45,11.324622499999998,11.165,2026-07-13,1.0,gapped through target (day 1),0.023192416995910514,WATCH:SUCCESS,0.0438,0.1206,0.3712,0.3853,26.9,19692786
SIMULATED,SHORT_WATCH,HPE,2026-07-09,2026-07-10,2026-07-17,48.54,47.837868900000004,47.837868900000004,2026-07-13,1.0,target hit (day 1),0.013766587301587252,WATCH:SUCCESS,0.05786,0.1174,0.0174,0.9794,16.9,1170629915
SIMULATED,SHORT_WATCH,TGTX,2026-07-09,2026-07-10,2026-07-17,57.12,56.5220964,56.5220964,2026-07-13,1.0,target hit (day 1),0.009769087301587265,WATCH:SUCCESS,0.04187,0.1035,0.3618,0.7479,25.8,167052145
SIMULATED,LONG,MU,2026-07-10,2026-07-13,2026-07-20,937.0,957.815455,988.38,2026-07-14,1.0,gapped through target (day 1),0.05433457844183559,SUCCESS,0.08886,0.0038,0.098,1.103,21.5,57236092618
SIMULATED,LONG,SNDK,2026-07-10,2026-07-13,2026-07-20,1673.97,1718.3469447,1807.0,2026-07-14,1.0,gapped through target (day 1),0.07896976349635904,SUCCESS,0.10604,0.0979,0.1659,1.0286,21.3,23946633216
SIMULATED,LONG,AMD,2026-07-10,2026-07-13,2026-07-20,534.39,543.06582165,567.22,2026-07-14,1.0,gapped through target (day 1),0.06093453283182709,SUCCESS,0.06494,0.0774,0.2332,1.1872,22.6,16094129445
SIMULATED,SHORT_WATCH,HPE,2026-07-10,2026-07-13,2026-07-20,47.24,46.5505322,46.5505322,2026-07-15,2.0,target hit (day 2),0.013698174603174627,WATCH:SUCCESS,0.05838,0.1773,0.067,0.9837,27.0,1142233471
SIMULATED,SHORT_WATCH,META,2026-07-10,2026-07-13,2026-07-20,656.73,650.282553225,650.282553225,2026-07-14,1.0,target hit (day 1),0.009119087301587336,WATCH:SUCCESS,0.03927,0.1481,0.172,0.0101,30.9,12028669935
SIMULATED,SHORT_WATCH,STX,2026-07-10,2026-07-13,2026-07-20,860.66,842.5280454499999,842.5280454499999,2026-07-15,2.0,target hit (day 2),0.02017067460317462,WATCH:SUCCESS,0.08427,0.11,0.1156,0.7065,20.5,4926906484
SIMULATED,LONG,MU,2026-07-13,2026-07-14,2026-07-21,983.12,1005.7514224,970.82,2026-07-21,5.0,time limit (day 5),-0.013011188868093326,FAIL,0.09208,-0.0485,-0.0591,1.0538,16.7,55942290319
SIMULATED,LONG,SNDK,2026-07-13,2026-07-14,2026-07-21,1757.82,1812.4047055499998,1589.4,2026-07-21,5.0,time limit (day 5),-0.09631185786940638,FAIL,0.12421,-0.0404,-0.1103,0.8772,15.0,23815679557
SIMULATED,LONG,AMD,2026-07-13,2026-07-14,2026-07-21,548.13,557.323510425,557.323510425,2026-07-15,1.0,target hit (day 1),0.01627250000000008,SUCCESS,0.06709,-0.032,0.0941,1.0703,13.5,15963553739
SIMULATED,SHORT_WATCH,HPE,2026-07-13,2026-07-14,2026-07-21,49.56,48.8309724,48.8309724,2026-07-15,1.0,target hit (day 1),0.014011587301587303,WATCH:SUCCESS,0.05884,0.0948,0.0094,0.9188,29.1,1128388897
SIMULATED,SHORT_WATCH,BILL,2026-07-13,2026-07-14,2026-07-21,41.37,40.925996475,44.26,2026-07-21,5.0,time limit (day 5),-0.07134944807026017,WATCH:FAIL,0.04293,0.0654,0.334,0.0903,25.2,89831924
SIMULATED,SHORT_WATCH,TWLO,2026-07-13,2026-07-14,2026-07-21,217.83,215.135987475,215.135987475,2026-07-15,1.0,target hit (day 1),0.011669087301587278,WATCH:SUCCESS,0.04947,0.0438,0.0562,0.6278,21.7,406037024
SIMULATED,LONG,MU,2026-07-14,2026-07-15,2026-07-22,904.28,923.6519382999999,925.35,2026-07-21,4.0,gapped through target (day 4),0.02280030521519899,SUCCESS,0.08569,0.0477,0.0015,1.1502,19.5,55445952596
SIMULATED,LONG,SNDK,2026-07-14,2026-07-15,2026-07-22,1615.0,1661.6210125,1599.27,2026-07-22,5.0,time limit (day 5),-0.010239938080495337,FAIL,0.11547,0.0866,-0.1123,0.9118,21.9,23477598974
SIMULATED,LONG,AMD,2026-07-14,2026-07-15,2026-07-22,529.14,537.8602272,537.8602272,2026-07-21,4.0,target hit (day 4),0.01598000000000005,SUCCESS,0.06592,0.062,0.0715,0.9698,22.6,15735856255
SIMULATED,SHORT_WATCH,HPE,2026-07-14,2026-07-15,2026-07-22,47.39,46.724999825,46.724999825,2026-07-16,1.0,target hit (day 1),0.013334087301587416,WATCH:SUCCESS,0.05613,0.1401,0.0289,0.9143,30.2,1114193399
SIMULATED,SHORT_WATCH,S,2026-07-14,2026-07-15,2026-07-22,19.58,19.32864175,19.32864175,2026-07-16,1.0,target hit (day 1),0.012139087301587248,WATCH:SUCCESS,0.05135,0.0969,0.3414,0.43,39.1,119033605
SIMULATED,SHORT_WATCH,AAOI,2026-07-14,2026-07-15,2026-07-22,109.09,105.357212925,105.0,2026-07-16,1.0,gapped through target (day 1),0.036793566401413125,WATCH:SUCCESS,0.13687,0.0965,-0.2579,-0.2026,15.6,1613020931
SIMULATED,LONG,MU,2026-07-15,2026-07-16,2026-07-23,853.2,873.4976280000001,873.4976280000001,2026-07-17,1.0,target hit (day 1),0.023289999999999977,SUCCESS,0.09516,-0.0469,-0.1689,0.9871,15.1,55475057229
SIMULATED,LONG,SNDK,2026-07-15,2026-07-16,2026-07-23,1411.08,1456.6049685,1456.6049685,2026-07-17,1.0,target hit (day 1),0.03176250000000008,SUCCESS,0.12905,-0.0649,-0.2338,0.7535,19.8,24053499457
SIMULATED,LONG,AMD,2026-07-15,2026-07-16,2026-07-23,500.94,509.71521645,516.995,2026-07-20,2.0,gapped through target (day 2),0.03154974647662406,SUCCESS,0.07007,0.0227,-0.0331,0.9007,17.0,15555874513
SIMULATED,SHORT_WATCH,AEHR,2026-07-15,2026-07-16,2026-07-23,84.2,81.2793125,79.275,2026-07-17,1.0,gapped through target (day 1),0.0577932737623949,WATCH:SUCCESS,0.13875,0.2931,-0.2424,0.0469,48.1,208300708
SIMULATED,SHORT_WATCH,PYPL,2026-07-15,2026-07-16,2026-07-23,56.73,56.23176877499999,56.23176877499999,2026-07-17,1.0,target hit (day 1),0.00808408730158744,WATCH:SUCCESS,0.03513,0.2468,0.3067,0.0927,47.6,917252698
SIMULATED,SHORT_WATCH,DAVE,2026-07-15,2026-07-16,2026-07-23,442.53,436.50163507499997,425.0,2026-07-17,1.0,gapped through target (day 1),0.03891472087445241,WATCH:SUCCESS,0.05449,0.1669,0.4192,0.7478,27.0,211425082
SIMULATED,LONG,MU,2026-07-16,2026-07-17,2026-07-24,848.95,869.959390125,885.57,2026-07-20,1.0,gapped through target (day 1),0.042635638141233334,SUCCESS,0.09899,-0.1396,-0.1642,0.9027,15.5,55145832064
SIMULATED,LONG,SNDK,2026-07-16,2026-07-17,2026-07-24,1354.82,1405.1312406999998,1408.78,2026-07-20,1.0,gapped through target (day 1),0.03932816905566788,SUCCESS,0.14854,-0.2406,-0.2915,0.5455,20.4,24329861424
SIMULATED,LONG,AMD,2026-07-16,2026-07-17,2026-07-24,495.76,504.937757,516.995,2026-07-20,1.0,gapped through target (day 1),0.0423332257543973,SUCCESS,0.07405,-0.0837,-0.0125,0.8219,12.9,15513841904
SIMULATED,SHORT_WATCH,PYPL,2026-07-16,2026-07-17,2026-07-24,56.56,56.0660898,56.0660898,2026-07-20,1.0,target hit (day 1),0.008034087301587334,WATCH:SUCCESS,0.03493,0.2518,0.2997,0.1024,48.0,970668245
SIMULATED,SHORT_WATCH,DAVE,2026-07-16,2026-07-17,2026-07-24,440.42,434.46552160000005,434.46552160000005,2026-07-21,2.0,target hit (day 2),0.012623174603174579,WATCH:SUCCESS,0.05408,0.1343,0.4824,0.6551,30.8,216343851
SIMULATED,SHORT_WATCH,LCID,2026-07-16,2026-07-17,2026-07-24,7.36,7.140911200000001,7.07,2026-07-20,1.0,gapped through target (day 1),0.03791011042097997,WATCH:SUCCESS,0.11907,0.1081,0.2869,-0.043,40.2,137345729
SIMULATED,LONG,MU,2026-07-17,2026-07-20,2026-07-27,865.46,887.26742835,925.35,2026-07-21,1.0,gapped through target (day 1),0.06870019411642353,SUCCESS,0.10079,-0.1331,-0.1862,0.8892,12.2,55427605150
SIMULATED,LONG,AMD,2026-07-17,2026-07-20,2026-07-27,503.57,513.14538355,526.0,2026-07-21,1.0,gapped through target (day 1),0.044041970331830826,SUCCESS,0.07606,-0.1114,-0.0326,0.7426,8.3,15615895461
SIMULATED,LONG,DELL,2026-07-17,2026-07-20,2026-07-27,381.88,389.6684426,394.5,2026-07-21,1.0,gapped through target (day 1),0.03254703048077928,SUCCESS,0.08158,-0.0888,-0.0548,0.8664,9.9,3383201921
SIMULATED,SHORT_WATCH,LCID,2026-07-17,2026-07-20,2026-07-27,7.11,6.916110300000001,6.916110300000001,2026-07-21,1.0,target hit (day 1),0.025777936507936413,WATCH:SUCCESS,0.10908,0.3261,0.4319,0.0352,52.6,151442718
SIMULATED,SHORT_WATCH,PYPL,2026-07-17,2026-07-20,2026-07-27,56.82,56.331205950000005,56.04,2026-07-21,1.0,gapped through target (day 1),0.013029148019644332,WATCH:SUCCESS,0.03441,0.2211,0.3441,0.1116,47.7,986539018
SIMULATED,SHORT_WATCH,IOVA,2026-07-17,2026-07-20,2026-07-27,5.02,4.921946849999999,4.921946849999999,2026-07-27,5.0,target hit (day 5),0.014072182539682603,WATCH:SUCCESS,0.07813,0.182,0.2723,0.3514,45.1,74923708
SIMULATED,LONG,MU,2026-07-20,2026-07-21,2026-07-28,970.82,994.1439505,994.1439505,2026-07-23,2.0,target hit (day 2),0.023524999999999963,SUCCESS,0.0961,-0.0764,-0.2368,0.7754,17.7,53394024287
SIMULATED,LONG,AMD,2026-07-20,2026-07-21,2026-07-28,544.43,554.4094018999999,554.4094018999999,2026-07-22,1.0,target hit (day 1),0.017829999999999957,SUCCESS,0.07332,-0.0577,-0.0629,0.6594,13.7,15029105657
SIMULATED,LONG,DELL,2026-07-20,2026-07-21,2026-07-28,404.15,412.5118635,414.34,2026-07-22,1.0,gapped through target (day 1),0.024713410862303664,SUCCESS,0.08276,-0.1059,-0.0674,0.7791,11.0,3158927765
SIMULATED,SHORT_WATCH,LCID,2026-07-20,2026-07-21,2026-07-28,7.32,7.1152596,7.1152596,2026-07-22,1.0,target hit (day 1),0.026477936507936558,WATCH:SUCCESS,0.11188,0.2904,0.3265,0.0289,61.5,154675178
SIMULATED,SHORT_WATCH,IOVA,2026-07-20,2026-07-21,2026-07-28,5.48,5.3745785,5.3745785,2026-07-22,1.0,target hit (day 1),0.017745436507936526,WATCH:SUCCESS,0.07695,0.2426,0.2839,0.4221,44.0,74394219
SIMULATED,SHORT_WATCH,PYPL,2026-07-20,2026-07-21,2026-07-28,55.85,55.373041,55.373041,2026-07-22,1.0,target hit (day 1),0.007841587301587294,WATCH:SUCCESS,0.03416,0.1924,0.3366,0.1093,48.6,998868083
SIMULATED,LONG,MU,2026-07-21,2026-07-22,2026-07-29,959.48,980.6341353,980.6341353,2026-07-23,1.0,target hit (day 1),0.021547499999999997,SUCCESS,0.08819,-0.0125,-0.1986,1.0153,24.4,52571759802
SIMULATED,LONG,SNDK,2026-07-21,2026-07-22,2026-07-29,1599.27,1649.563043325,1649.563043325,2026-07-23,1.0,target hit (day 1),0.030947500000000072,SUCCESS,0.12579,-0.0958,-0.301,0.7046,23.7,24318328353
SIMULATED,LONG,AMD,2026-07-21,2026-07-22,2026-07-29,552.33,561.83283765,429.56,2026-07-29,5.0,time limit (day 5),-0.22277653757717314,FAIL,0.06882,-0.0068,-0.0131,0.7831,14.5,15103100655
SIMULATED,SHORT_WATCH,LCID,2026-07-21,2026-07-22,2026-07-29,6.78,6.59970285,6.59970285,2026-07-23,1.0,target hit (day 1),0.025100436507936526,WATCH:SUCCESS,0.10637,0.5844,0.4186,0.1675,57.8,156488077
SIMULATED,SHORT_WATCH,IOVA,2026-07-21,2026-07-22,2026-07-29,5.17,5.076797825,5.03,2026-07-23,1.0,gapped through target (day 1),0.0255872401829848,WATCH:SUCCESS,0.07211,0.3944,0.3498,0.5747,36.3,77611506
SIMULATED,SHORT_WATCH,AEHR,2026-07-21,2026-07-22,2026-07-29,93.54,90.53806755000001,90.53806755000001,2026-07-23,1.0,target hit (day 1),0.03139408730158727,WATCH:SUCCESS,0.12837,0.3736,-0.1272,0.0356,50.7,253936282
SIMULATED,LONG,MU,2026-07-22,2026-07-23,2026-07-30,990.21,1011.5812073250002,874.66,2026-07-30,5.0,time limit (day 5),-0.11719241877985481,FAIL,0.08633,0.061,-0.0877,0.9316,26.8,50919090395
SIMULATED,LONG,SNDK,2026-07-22,2026-07-23,2026-07-30,1610.33,1659.086766575,1279.96,2026-07-30,5.0,time limit (day 5),-0.20565670701036426,FAIL,0.12111,-0.0097,-0.1855,0.6156,31.8,23897662574
SIMULATED,LONG,AMD,2026-07-22,2026-07-23,2026-07-30,539.69,548.7972687500001,548.7972687500001,2026-07-24,1.0,target hit (day 1),0.016374999999999973,SUCCESS,0.0675,0.0438,0.0625,0.588,29.0,15002455620
SIMULATED,SHORT_WATCH,ARWR,2026-07-22,2026-07-23,2026-07-30,86.78,85.5082391,85.5082391,2026-07-24,1.0,target hit (day 1),0.013956587301587386,WATCH:SUCCESS,0.05862,0.235,0.1101,0.2001,31.0,259263950
SIMULATED,SHORT_WATCH,CIFR,2026-07-22,2026-07-23,2026-07-30,25.82,25.154747699999998,25.154747699999998,2026-07-24,1.0,target hit (day 1),0.02506658730158734,WATCH:SUCCESS,0.10306,0.231,-0.1151,0.344,28.8,578676574
SIMULATED,SHORT_WATCH,RIOT,2026-07-22,2026-07-23,2026-07-30,23.86,23.35625575,23.26,2026-07-24,1.0,gapped through target (day 1),0.02444827632086638,WATCH:SUCCESS,0.08445,0.1632,-0.1851,0.2563,21.3,403169434
SIMULATED,LONG,MU,2026-07-23,2026-07-24,2026-07-31,920.95,939.700542,823.03,2026-07-31,5.0,time limit (day 5),-0.1068249904989414,FAIL,0.08144,0.1606,-0.0556,0.8877,22.1,49295241183
SIMULATED,LONG,SNDK,2026-07-23,2026-07-24,2026-07-31,1436.56,1478.8631006,1214.83,2026-07-31,5.0,time limit (day 5),-0.154847886618032,FAIL,0.11779,0.1412,-0.1589,0.5047,23.6,23927246065
SIMULATED,LONG,AMD,2026-07-23,2026-07-24,2026-07-31,521.95,530.8636011250001,476.15,2026-07-31,5.0,time limit (day 5),-0.08824786856978645,FAIL,0.06831,0.0774,0.0384,0.6128,19.7,15045312065
SIMULATED,SHORT_WATCH,CIFR,2026-07-23,2026-07-24,2026-07-31,23.15,22.5788895,22.5788895,2026-07-27,1.0,target hit (day 1),0.02397158730158727,WATCH:SUCCESS,0.09868,0.4571,-0.0153,0.4218,31.4,589512974
SIMULATED,SHORT_WATCH,FCEL,2026-07-23,2026-07-24,2026-07-31,21.26,20.47194495,20.47194495,2026-07-27,1.0,target hit (day 1),0.03636908730158733,WATCH:SUCCESS,0.14827,0.3499,0.0807,1.1816,21.9,357239299
SIMULATED,SHORT_WATCH,NBIS,2026-07-23,2026-07-24,2026-07-31,187.77,182.71335390000002,182.71335390000002,2026-07-27,1.0,target hit (day 1),0.02623158730158731,WATCH:SUCCESS,0.10772,0.2864,-0.149,0.5244,26.2,3853976503
SIMULATED,LONG,MU,2026-07-24,2026-07-27,2026-08-03,900.2,920.0044,920.0044,2026-07-31,4.0,target hit (day 4),0.02150000000000002,SUCCESS,0.088,0.0848,-0.2411,0.8262,16.8,46135361316
SIMULATED,LONG,AMD,2026-07-24,2026-07-27,2026-08-03,494.95,503.59058962499995,510.275,2026-07-31,4.0,gapped through target (day 4),0.030462723507425016,SUCCESS,0.06983,0.0528,-0.0199,0.6149,11.2,15033142312
SIMULATED,LONG,DELL,2026-07-24,2026-07-27,2026-08-03,426.91,434.3851941,429.02,2026-08-03,5.0,time limit (day 5),0.004442493734042097,SUCCESS,0.07004,0.1039,0.0685,1.1245,23.5,2976427210
SIMULATED,SHORT_WATCH,CIFR,2026-07-24,2026-07-27,2026-08-03,21.65,21.0479135,20.82,2026-07-28,1.0,gapped through target (day 1),0.03763876974962416,WATCH:SUCCESS,0.11124,0.3183,-0.0985,0.3413,23.5,585541879
SIMULATED,SHORT_WATCH,CLF,2026-07-24,2026-07-27,2026-08-03,12.25,12.077366875000001,12.077366875000001,2026-07-28,1.0,target hit (day 1),0.013394087301587254,WATCH:SUCCESS,0.05637,0.2856,0.1087,0.1673,41.4,250324213
SIMULATED,SHORT_WATCH,SMCI,2026-07-24,2026-07-27,2026-08-03,29.81,29.209775649999997,28.64,2026-07-28,1.0,gapped through target (day 1),0.03855016160551211,WATCH:SUCCESS,0.08054,0.2448,-0.0499,0.1046,32.5,1378599730
SIMULATED,LONG,MU,2026-07-27,2026-07-28,2026-08-04,820.53,838.9837196999999,838.9837196999999,2026-07-29,1.0,target hit (day 1),0.0219899999999999,SUCCESS,0.08996,0.0401,-0.205,0.7363,15.4,43385473409
SIMULATED,LONG,DELL,2026-07-27,2026-07-28,2026-08-04,392.1,399.22347675,399.22347675,2026-07-30,2.0,target hit (day 2),0.01766749999999989,SUCCESS,0.07267,0.1179,0.0686,1.0758,19.8,2865925634
SIMULATED,LONG,PANW,2026-07-27,2026-07-28,2026-08-04,319.0,322.98430999999994,322.98430999999994,2026-07-30,2.0,target hit (day 2),0.01198999999999989,SUCCESS,0.04996,-0.0899,0.0431,0.7479,6.4,2412991145
SIMULATED,SHORT_WATCH,CLF,2026-07-27,2026-07-28,2026-08-04,11.98,11.813178500000001,11.813178500000001,2026-07-29,1.0,target hit (day 1),0.013226587301587267,WATCH:SUCCESS,0.0557,0.3641,0.2312,0.1951,40.5,264813126
SIMULATED,SHORT_WATCH,SMCI,2026-07-27,2026-07-28,2026-08-04,28.45,27.871326999999997,27.871326999999997,2026-07-29,1.0,target hit (day 1),0.019641587301587327,WATCH:SUCCESS,0.08136,0.2509,-0.0268,0.1326,31.7,1357765710
SIMULATED,SHORT_WATCH,QBTS,2026-07-27,2026-07-28,2026-08-04,17.635,17.255759325000003,17.255759325000003,2026-07-29,1.0,target hit (day 1),0.020806587301587187,WATCH:SUCCESS,0.08602,0.1669,-0.1428,0.0679,25.3,376029218
SIMULATED,LONG,MU,2026-07-28,2026-07-29,2026-08-05,739.0,757.71887,793.135,2026-07-30,1.0,gapped through target (day 1),0.07275439783491205,SUCCESS,0.10132,-0.1548,-0.2836,0.5866,8.6,42414115425
SIMULATED,LONG,DELL,2026-07-28,2026-07-29,2026-08-05,369.64,377.5743226,384.89,2026-07-30,1.0,gapped through target (day 1),0.040756357537063026,SUCCESS,0.08586,-0.0298,-0.0543,0.8765,10.6,2868355731
SIMULATED,LONG,NOW,2026-07-28,2026-07-29,2026-08-05,115.76,117.44691260000002,117.44691260000002,2026-08-03,3.0,target hit (day 3),0.014072500000000099,SUCCESS,0.05829,0.0839,0.1065,0.2526,27.2,2394146143
SIMULATED,SHORT_WATCH,CLF,2026-07-28,2026-07-29,2026-08-05,11.38,11.2191437,11.2191437,2026-07-30,1.0,target hit (day 1),0.01343658730158731,WATCH:SUCCESS,0.05654,0.2951,0.2772,0.1745,45.4,274784016
SIMULATED,SHORT_WATCH,IQV,2026-07-28,2026-07-29,2026-08-05,247.56,245.3294844,243.85,2026-07-30,1.0,gapped through target (day 1),0.014287853257315242,WATCH:SUCCESS,0.03604,0.2049,0.2569,0.534,40.7,304346057
SIMULATED,SHORT_WATCH,ACN,2026-07-28,2026-07-29,2026-08-05,173.17,171.16772187499998,166.73,2026-07-30,1.0,gapped through target (day 1),0.03649047683210643,WATCH:SUCCESS,0.04625,0.169,0.32,-0.0786,28.8,1209470602
SIMULATED,LONG,DELL,2026-07-29,2026-07-30,2026-08-06,404.81,413.971862325,419.0,2026-07-31,1.0,gapped through target (day 1),0.03455348188038826,SUCCESS,0.09053,-0.1633,-0.1433,0.7588,8.9,2836763781
SIMULATED,LONG,NOW,2026-07-29,2026-07-30,2026-08-06,110.07,111.643725825,111.643725825,2026-07-31,1.0,target hit (day 1),0.013797500000000074,SUCCESS,0.05719,0.2127,0.166,0.2699,30.9,2531792902
SIMULATED,LONG,PANW,2026-07-29,2026-07-30,2026-08-06,325.68,329.694006,332.335,2026-07-31,1.0,gapped through target (day 1),0.019934168508965733,SUCCESS,0.0493,-0.063,-0.0788,0.7349,10.9,2280659661
SIMULATED,SHORT_WATCH,CTSH,2026-07-29,2026-07-30,2026-08-06,53.895,53.2947444375,53.01,2026-07-31,1.0,gapped through target (day 1),0.01572240555931076,WATCH:SUCCESS,0.04455,0.2962,0.4451,0.0675,37.2,435057079
SIMULATED,SHORT_WATCH,WDAY,2026-07-29,2026-07-30,2026-08-06,158.11,155.99211655000002,155.48,2026-07-31,1.0,gapped through target (day 1),0.01593557629659098,WATCH:SUCCESS,0.05358,0.2688,0.3724,0.3233,31.2,656821455
SIMULATED,SHORT_WATCH,IT,2026-07-29,2026-07-30,2026-08-06,152.92,151.14115809999998,148.59,2026-07-31,1.0,gapped through target (day 1),0.02761704636514989,WATCH:SUCCESS,0.04653,0.254,0.278,0.1315,26.8,174939050
SIMULATED,LONG,MU,2026-07-30,2026-07-31,2026-08-07,823.03,843.9246741249999,866.82,2026-08-04,2.0,gapped through target (day 2),0.052705836968275965,SUCCESS,0.10155,-0.1167,-0.1527,0.5173,11.8,42671329369
SIMULATED,LONG,SNDK,2026-07-30,2026-07-31,2026-08-07,1214.83,1261.5645101,1261.5645101,2026-08-03,1.0,target hit (day 1),0.037970000000000004,SUCCESS,0.15388,-0.2052,-0.3702,0.0192,22.0,23466106175
SIMULATED,LONG,AMD,2026-07-30,2026-07-31,2026-08-07,476.15,486.04915850000003,486.04915850000003,2026-08-03,1.0,target hit (day 1),0.020290000000000086,SUCCESS,0.08316,-0.1006,-0.1026,0.4212,10.4,14374142647
SIMULATED,SHORT_WATCH,LCID,2026-07-30,2026-07-31,2026-08-07,7.38,7.1911827,6.95,2026-08-05,3.0,gapped through target (day 3),0.05478939217963601,WATCH:SUCCESS,0.10234,0.2589,0.2247,0.2138,41.5,162412821
SIMULATED,SHORT_WATCH,CTSH,2026-07-30,2026-07-31,2026-08-07,55.35,54.680126625,53.745,2026-08-04,2.0,gapped through target (day 2),0.028100464576074458,WATCH:SUCCESS,0.04841,0.2531,0.3123,0.0392,33.1,444267323
SIMULATED,SHORT_WATCH,GRMN,2026-07-30,2026-07-31,2026-08-07,293.78,291.27772884999996,310.89,2026-08-07,5.0,time limit (day 5),-0.059732923999926524,WATCH:FAIL,0.03407,0.2393,0.2521,0.2471,41.9,256789125
SIMULATED,LONG,MSFT,2026-07-31,2026-08-03,2026-08-10,487.65,491.85110475,491.85110475,2026-08-04,1.0,target hit (day 1),0.008115000000000039,SUCCESS,0.03446,0.2175,0.1901,0.1297,41.2,14708773939
SIMULATED,LONG,AMZN,2026-07-31,2026-08-03,2026-08-10,284.02,286.5065951,278.09,2026-08-10,5.0,time limit (day 5),-0.02137881135131331,FAIL,0.03502,0.17,0.1191,-0.0072,35.9,11197510480
SIMULATED,LONG,BE,2026-07-31,2026-08-03,2026-08-10,218.32,226.2297336,226.2297336,2026-08-04,1.0,target hit (day 1),0.035729999999999984,SUCCESS,0.14492,0.1131,-0.2402,-0.3029,40.8,3632224366
SIMULATED,SHORT_WATCH,CTSH,2026-07-31,2026-08-03,2026-08-10,55.17,54.507270375000004,53.745,2026-08-04,1.0,gapped through target (day 1),0.02513084233149493,WATCH:SUCCESS,0.04805,0.2178,0.3182,0.0671,30.7,446792678
SIMULATED,SHORT_WATCH,MSFT,2026-07-31,2026-08-03,2026-08-10,487.65,483.44889524999996,480.9,2026-08-04,1.0,gapped through target (day 1),0.013143482103186777,WATCH:SUCCESS,0.03446,0.2175,0.1901,0.1297,41.2,14708773939
SIMULATED,SHORT_WATCH,ASAN,2026-07-31,2026-08-03,2026-08-10,8.53,8.3779101,8.35,2026-08-04,1.0,gapped through target (day 1),0.018609929473938854,WATCH:SUCCESS,0.07132,0.2128,0.1335,0.132,23.9,43662568
SIMULATED,LONG,SNDK,2026-08-03,2026-08-04,2026-08-11,1427.62,1482.5441104499998,1271.05,2026-08-11,5.0,time limit (day 5),-0.11017204157969201,FAIL,0.15389,0.0077,-0.2616,-0.0865,32.2,23390155076
SIMULATED,LONG,MSFT,2026-08-03,2026-08-04,2026-08-11,492.81,497.0530941,497.0530941,2026-08-05,1.0,target hit (day 1),0.008110000000000006,SUCCESS,0.03444,0.2533,0.2609,0.178,43.3,15674800221
SIMULATED,LONG,AMZN,2026-08-03,2026-08-04,2026-08-11,277.42,279.84950565,281.59,2026-08-05,1.0,gapped through target (day 1),0.014531360392185,SUCCESS,0.03503,0.2275,0.1633,0.0328,37.9,11998532882
SIMULATED,SHORT_WATCH,GRMN,2026-08-03,2026-08-04,2026-08-11,307.36,304.7797128,304.7797128,2026-08-05,1.0,target hit (day 1),0.007696587301587231,WATCH:SUCCESS,0.03358,0.2569,0.2428,0.2551,42.8,273680796
SIMULATED,SHORT_WATCH,MSFT,2026-08-03,2026-08-04,2026-08-11,492.81,488.5669059,488.5669059,2026-08-05,1.0,target hit (day 1),0.007911587301587308,WATCH:SUCCESS,0.03444,0.2533,0.2609,0.178,43.3,15674800221
SIMULATED,SHORT_WATCH,AMZN,2026-08-03,2026-08-04,2026-08-11,277.42,274.99049435,274.99049435,2026-08-05,1.0,target hit (day 1),0.008059087301587387,WATCH:SUCCESS,0.03503,0.2275,0.1633,0.0328,37.9,11998532882
SIMULATED,LONG,SNDK,2026-08-04,2026-08-05,2026-08-12,1350.5,1396.7073575000002,1344.29,2026-08-12,5.0,time limit (day 5),-0.005098296927064039,FAIL,0.13686,0.3025,-0.1175,0.0654,25.3,23263077869
SIMULATED,LONG,MSFT,2026-08-04,2026-08-05,2026-08-12,487.46,491.67409169999996,491.67409169999996,2026-08-06,1.0,target hit (day 1),0.008145000000000013,SUCCESS,0.03458,0.2529,0.2674,0.1712,39.0,16348445373
SIMULATED,LONG,AMZN,2026-08-04,2026-08-05,2026-08-12,272.65,275.06363412499996,275.06363412499996,2026-08-06,1.0,target hit (day 1),0.00835249999999993,SUCCESS,0.03541,0.2017,0.1278,0.023,34.9,12466919615
SIMULATED,SHORT_WATCH,AEHR,2026-08-04,2026-08-05,2026-08-12,98.78,95.97958700000001,95.01,2026-08-06,1.0,gapped through target (day 1),0.03746720787255303,WATCH:SUCCESS,0.1134,0.5699,0.6416,0.2041,40.3,285137273
SIMULATED,SHORT_WATCH,AAOI,2026-08-04,2026-08-05,2026-08-12,128.56,124.6797378,121.38,2026-08-06,1.0,gapped through target (day 1),0.05515099613792834,WATCH:SUCCESS,0.12073,0.4934,0.1505,-0.1645,46.8,1018231511
SIMULATED,SHORT_WATCH,ALAB,2026-08-04,2026-08-05,2026-08-12,318.43,310.13012205,310.13012205,2026-08-06,1.0,target hit (day 1),0.025366587301587307,WATCH:SUCCESS,0.10426,0.3898,-0.0554,0.8486,32.4,1490158018
SIMULATED,LONG,MU,2026-08-05,2026-08-06,2026-08-13,881.47,902.4027088250001,903.6,2026-08-07,1.0,gapped through target (day 1),0.02460578919305262,SUCCESS,0.09499,0.2086,-0.0586,0.196,16.8,40566105862
SIMULATED,LONG,SNDK,2026-08-05,2026-08-06,2026-08-13,1258.58,1302.4603916999997,1309.3,2026-08-07,1.0,gapped through target (day 1),0.03979938502121433,SUCCESS,0.13946,0.3294,-0.2181,-0.1356,21.3,23327938815
SIMULATED,LONG,MSFT,2026-08-05,2026-08-06,2026-08-13,499.86,504.14754915,504.14754915,2026-08-07,1.0,target hit (day 1),0.008077499999999904,SUCCESS,0.03431,0.2482,0.2716,0.1743,38.0,16665648803
SIMULATED,SHORT_WATCH,AAOI,2026-08-05,2026-08-06,2026-08-13,124.22,120.4424698,130.08,2026-08-13,5.0,time limit (day 5),-0.04866643154873734,WATCH:FAIL,0.12164,0.6801,0.1234,-0.1368,50.0,1062468602
SIMULATED,SHORT_WATCH,AEHR,2026-08-05,2026-08-06,2026-08-13,99.74,96.6136497,96.6136497,2026-08-07,1.0,target hit (day 1),0.030646587301587258,WATCH:SUCCESS,0.12538,0.5104,0.455,0.0159,27.1,289510284
SIMULATED,SHORT_WATCH,COHR,2026-08-05,2026-08-06,2026-08-13,334.22,326.22127985000003,326.22127985000003,2026-08-10,2.0,target hit (day 2),0.023035674603174627,WATCH:SUCCESS,0.09573,0.4781,0.0352,-0.021,40.1,1436929796
SIMULATED,LONG,MSFT,2026-08-06,2026-08-07,2026-08-14,499.99,504.1249173,504.1249173,2026-08-10,1.0,target hit (day 1),0.007769999999999999,SUCCESS,0.03308,0.1081,0.3005,0.2113,34.3,16979075432
SIMULATED,LONG,AMZN,2026-08-06,2026-08-07,2026-08-14,274.48,276.8961102,276.8961102,2026-08-10,1.0,target hit (day 1),0.008302500000000046,SUCCESS,0.03521,0.1561,0.1021,0.0122,33.3,12667853298
SIMULATED,LONG,PLTR,2026-08-06,2026-08-07,2026-08-14,172.01,174.322244425,174.322244425,2026-08-10,1.0,target hit (day 1),0.012942500000000023,SUCCESS,0.05377,0.2753,0.2083,0.139,51.8,6048691703
SIMULATED,SHORT_WATCH,RDW,2026-08-06,2026-08-07,2026-08-14,13.59,13.2961842,13.2961842,2026-08-10,1.0,target hit (day 1),0.020921587301587274,WATCH:SUCCESS,0.08648,0.3967,0.1299,-0.0271,44.0,160463935
SIMULATED,SHORT_WATCH,AAOI,2026-08-06,2026-08-07,2026-08-14,135.63,131.36579279999998,131.36579279999998,2026-08-10,1.0,target hit (day 1),0.030741587301587436,WATCH:SUCCESS,0.12576,0.3785,0.0164,-0.3282,44.9,1101688198
SIMULATED,SHORT_WATCH,COHR,2026-08-06,2026-08-07,2026-08-14,379.13,369.93799315,369.93799315,2026-08-10,1.0,target hit (day 1),0.023546587301587263,WATCH:SUCCESS,0.09698,0.3419,0.0213,-0.1198,44.8,1469770184
SIMULATED,LONG,MSFT,2026-08-07,2026-08-10,2026-08-17,506.06,510.06166944999995,480.35,2026-08-17,5.0,time limit (day 5),-0.0513042524601825,FAIL,0.03163,0.0759,0.2983,0.2262,45.9,17225685014
SIMULATED,LONG,PLTR,2026-08-07,2026-08-10,2026-08-17,175.23,177.51237075,177.51237075,2026-08-11,1.0,target hit (day 1),0.012525000000000064,SUCCESS,0.0521,0.3978,0.3567,0.2648,57.5,6518359865
SIMULATED,LONG,LITE,2026-08-07,2026-08-10,2026-08-17,813.51,831.673644525,899.0,2026-08-12,2.0,gapped through target (day 2),0.10458782928298355,SUCCESS,0.08931,0.2468,0.1099,-0.103,32.5,3490380378
SIMULATED,SHORT_WATCH,RDW,2026-08-07,2026-08-10,2026-08-17,13.12,12.8588464,12.8588464,2026-08-11,1.0,target hit (day 1),0.019206587301587363,WATCH:SUCCESS,0.07962,0.5766,0.335,0.1756,44.6,177359609
SIMULATED,SHORT_WATCH,IOVA,2026-08-07,2026-08-10,2026-08-17,6.4,6.2674080000000005,6.2674080000000005,2026-08-11,1.0,target hit (day 1),0.019225436507936452,WATCH:SUCCESS,0.08287,0.5577,0.4988,0.7809,55.8,103697987
SIMULATED,SHORT_WATCH,COHR,2026-08-07,2026-08-10,2026-08-17,325.15,317.82193187499996,317.82193187499996,2026-08-11,1.0,target hit (day 1),0.0218390873015874,WATCH:SUCCESS,0.09015,0.4422,0.1684,0.0137,45.7,1617775866
SIMULATED,LONG,MSFT,2026-08-10,2026-08-11,2026-08-18,503.81,507.70948940000005,481.63,2026-08-18,5.0,time limit (day 5),-0.04452453305809728,FAIL,0.03096,0.0378,0.2943,0.2489,42.2,17450022511
SIMULATED,LONG,PLTR,2026-08-10,2026-08-11,2026-08-18,174.94,177.17267175,177.17267175,2026-08-13,2.0,target hit (day 2),0.01226250000000001,SUCCESS,0.05105,0.3946,0.3475,0.3474,47.2,6762601662
SIMULATED,LONG,DELL,2026-08-10,2026-08-11,2026-08-18,440.97,449.270157825,459.275,2026-08-12,1.0,gapped through target (day 1),0.041010760369185995,SUCCESS,0.07529,0.0673,0.072,0.8776,19.3,2712437814
SIMULATED,SHORT_WATCH,ABCL,2026-08-10,2026-08-11,2026-08-18,9.76,9.5786348,9.22,2026-08-12,1.0,gapped through target (day 1),0.053835805360395395,WATCH:SUCCESS,0.07433,0.6021,0.4325,0.9581,56.9,50188930
SIMULATED,SHORT_WATCH,IOVA,2026-08-10,2026-08-11,2026-08-18,6.49,6.358171875000001,7.03,2026-08-18,5.0,time limit (day 5),-0.0886652481228752,WATCH:FAIL,0.08125,0.4832,0.5842,0.7486,55.6,106544074
SIMULATED,SHORT_WATCH,PLTR,2026-08-10,2026-08-11,2026-08-18,174.94,172.70732825,172.70732825,2026-08-12,1.0,target hit (day 1),0.012064087301587312,WATCH:SUCCESS,0.05105,0.3946,0.3475,0.3474,47.2,6762601662
SIMULATED,LONG,MSFT,2026-08-11,2026-08-12,2026-08-19,492.43,496.09860349999997,496.09860349999997,2026-08-13,1.0,target hit (day 1),0.006949999999999956,SUCCESS,0.0298,0.0223,0.3088,0.2305,42.3,17494375412
SIMULATED,LONG,PLTR,2026-08-11,2026-08-12,2026-08-19,171.04,173.1613236,173.4,2026-08-13,1.0,gapped through target (day 1),0.01329794200187101,SUCCESS,0.04961,0.0755,0.3083,0.3082,39.3,6806086650
SIMULATED,LONG,DELL,2026-08-11,2026-08-12,2026-08-19,484.5,493.81935749999997,499.68,2026-08-13,1.0,gapped through target (day 1),0.030831269349845314,SUCCESS,0.07694,-0.0563,-0.0362,0.7789,13.2,2653508505
SIMULATED,SHORT_WATCH,ABCL,2026-08-11,2026-08-12,2026-08-19,10.355,10.159963575,12.01,2026-08-19,5.0,time limit (day 5),-0.16131823442398036,WATCH:FAIL,0.07534,0.6026,0.4481,1.2182,58.2,57717675
SIMULATED,SHORT_WATCH,IOVA,2026-08-11,2026-08-12,2026-08-19,6.74,6.608233,6.608233,2026-08-13,1.0,target hit (day 1),0.018057936507936464,WATCH:SUCCESS,0.0782,0.4885,0.6514,0.8438,57.5,107289233
SIMULATED,SHORT_WATCH,INSM,2026-08-11,2026-08-12,2026-08-19,132.28,130.7177732,130.7177732,2026-08-13,1.0,target hit (day 1),0.011111587301587178,WATCH:SUCCESS,0.04724,0.3425,0.204,0.1466,45.7,370551456
SIMULATED,LONG,SNDK,2026-08-12,2026-08-13,2026-08-20,1528.11,1574.7326361,1646.93,2026-08-14,1.0,gapped through target (day 1),0.07725618247377491,SUCCESS,0.12204,-0.0046,-0.1676,-0.045,30.1,21612786859
SIMULATED,LONG,PLTR,2026-08-12,2026-08-13,2026-08-20,179.01,181.24493985,173.96,2026-08-20,5.0,time limit (day 5),-0.028710714485224165,FAIL,0.04994,0.0796,0.2787,0.2765,35.6,6932971278
SIMULATED,LONG,NBIS,2026-08-12,2026-08-13,2026-08-20,255.04,261.55372159999996,261.55372159999996,2026-08-14,1.0,target hit (day 1),0.025039999999999896,SUCCESS,0.10216,0.1836,0.2992,0.1785,43.5,5207760963
SIMULATED,SHORT_WATCH,ABCL,2026-08-12,2026-08-13,2026-08-20,10.97,10.76305095,10.76305095,2026-08-14,1.0,target hit (day 1),0.018166587301587322,WATCH:SUCCESS,0.07546,0.7492,0.5364,1.5318,60.1,64144057
SIMULATED,SHORT_WATCH,IOVA,2026-08-12,2026-08-13,2026-08-20,6.52,6.399983099999999,6.399983099999999,2026-08-14,1.0,target hit (day 1),0.01691543650793653,WATCH:SUCCESS,0.07363,0.553,0.4219,0.9536,53.6,101468431
SIMULATED,SHORT_WATCH,INSM,2026-08-12,2026-08-13,2026-08-20,126.33,124.865519475,124.865519475,2026-08-14,1.0,target hit (day 1),0.010894087301587307,WATCH:SUCCESS,0.04637,0.3359,0.2046,0.212,48.7,369268258
SIMULATED,LONG,SNDK,2026-08-13,2026-08-14,2026-08-21,1641.73,1687.4275545500002,1700.745,2026-08-17,1.0,gapped through target (day 1),0.035446836568741424,SUCCESS,0.11134,0.2142,0.0829,0.1464,32.2,22069759858
SIMULATED,LONG,PLTR,2026-08-13,2026-08-14,2026-08-21,174.04,176.12195350000002,176.12195350000002,2026-08-17,1.0,target hit (day 1),0.011462500000000098,SUCCESS,0.04785,0.1481,0.3315,0.3246,37.3,7065153633
SIMULATED,LONG,NBIS,2026-08-13,2026-08-14,2026-08-21,277.68,284.92814219999997,219.13,2026-08-21,5.0,time limit (day 5),-0.21135422068568138,FAIL,0.10441,0.3432,0.4848,0.2761,56.0,5425875749
SIMULATED,SHORT_WATCH,ABCL,2026-08-13,2026-08-14,2026-08-21,11.38,11.176184200000002,11.176184200000002,2026-08-17,1.0,target hit (day 1),0.017211587301587283,WATCH:SUCCESS,0.07164,0.6799,0.7808,1.637,62.0,72861737
SIMULATED,SHORT_WATCH,P,2026-08-13,2026-08-14,2026-08-21,118.16,116.7231744,116.7231744,2026-08-17,1.0,target hit (day 1),0.01146158730158725,WATCH:SUCCESS,0.04864,0.3448,0.7164,0.5226,49.5,241143764
SIMULATED,SHORT_WATCH,NBIS,2026-08-13,2026-08-14,2026-08-21,277.68,270.4318578,270.4318578,2026-08-17,1.0,target hit (day 1),0.02540408730158733,WATCH:SUCCESS,0.10441,0.3432,0.4848,0.2761,56.0,5425875749
SIMULATED,LONG,SNDK,2026-08-14,2026-08-17,2026-08-24,1786.85,1832.5397545,1493.12,2026-08-24,5.0,time limit (day 5),-0.16488425161597225,FAIL,0.10228,0.3543,0.2118,0.1868,34.7,22451595965
SIMULATED,LONG,PLTR,2026-08-14,2026-08-17,2026-08-24,172.55,174.63440400000002,174.63440400000002,2026-08-18,1.0,target hit (day 1),0.01158000000000009,SUCCESS,0.04832,0.0118,0.3147,0.2867,40.4,7063593516
SIMULATED,LONG,NBIS,2026-08-14,2026-08-17,2026-08-24,268.85,275.243253,210.91,2026-08-24,5.0,time limit (day 5),-0.21601050771805846,FAIL,0.09512,0.4773,0.5625,0.4043,57.7,5607497282
SIMULATED,SHORT_WATCH,ABCL,2026-08-14,2026-08-17,2026-08-24,11.2,11.002348,10.795,2026-08-18,1.0,gapped through target (day 1),0.035462301587301515,WATCH:SUCCESS,0.07059,0.6421,0.7602,1.8099,62.7,78536012
SIMULATED,SHORT_WATCH,NBIS,2026-08-14,2026-08-17,2026-08-24,268.85,262.456747,262.456747,2026-08-18,1.0,target hit (day 1),0.023081587301587325,WATCH:SUCCESS,0.09512,0.4773,0.5625,0.4043,57.7,5607497282
SIMULATED,SHORT_WATCH,SNDK,2026-08-14,2026-08-17,2026-08-24,1786.85,1741.1602455,1677.54,2026-08-18,1.0,gapped through target (day 1),0.06047628019690582,WATCH:SUCCESS,0.10228,0.3543,0.2118,0.1868,34.7,22451595965
SIMULATED,LONG,SNDK,2026-08-17,2026-08-18,2026-08-25,1625.78,1664.27440595,1682.405,2026-08-19,1.0,gapped through target (day 1),0.03432943571700958,SUCCESS,0.09471,0.4434,0.2846,0.2831,37.9,23188767984
SIMULATED,LONG,PLTR,2026-08-17,2026-08-18,2026-08-25,171.54,173.55130649999998,173.55130649999998,2026-08-19,1.0,target hit (day 1),0.011224999999999985,SUCCESS,0.0469,-0.0153,0.2796,0.2581,41.4,7069624258
SIMULATED,LONG,NBIS,2026-08-17,2026-08-18,2026-08-25,248.43,254.376793125,221.97,2026-08-25,5.0,time limit (day 5),-0.10700887573964496,FAIL,0.09575,0.4603,0.4722,0.4016,55.4,5718285913
SIMULATED,SHORT_WATCH,NBIS,2026-08-17,2026-08-18,2026-08-25,248.43,242.483206875,232.32,2026-08-19,1.0,gapped through target (day 1),0.06414882797300386,WATCH:SUCCESS,0.09575,0.4603,0.4722,0.4016,55.4,5718285913
SIMULATED,SHORT_WATCH,SNDK,2026-08-17,2026-08-18,2026-08-25,1625.78,1587.2855940499999,1587.2855940499999,2026-08-19,1.0,target hit (day 1),0.02297908730158732,WATCH:SUCCESS,0.09471,0.4434,0.2846,0.2831,37.9,23188767984
SIMULATED,SHORT_WATCH,AEHR,2026-08-17,2026-08-18,2026-08-25,123.25,120.35393312500001,120.35393312500001,2026-08-19,1.0,target hit (day 1),0.02279908730158725,WATCH:SUCCESS,0.09399,0.3711,0.8822,0.7684,52.9,269121122
SIMULATED,LONG,SNDK,2026-08-18,2026-08-19,2026-08-26,1568.87,1609.99792705,1609.99792705,2026-08-20,1.0,target hit (day 1),0.0257150000000001,SUCCESS,0.10486,0.2791,0.0229,0.0542,30.5,23568765463
SIMULATED,LONG,NBIS,2026-08-18,2026-08-19,2026-08-26,223.9,229.76897875,229.76897875,2026-08-21,2.0,target hit (day 2),0.02571249999999997,SUCCESS,0.10485,0.2857,0.1453,0.1296,52.4,5723785367
SIMULATED,LONG,DELL,2026-08-18,2026-08-19,2026-08-26,437.55,445.08351712500007,445.08351712500007,2026-08-24,3.0,target hit (day 3),0.016717500000000107,SUCCESS,0.06887,0.0628,0.1596,0.8538,15.6,2623459276
SIMULATED,SHORT_WATCH,NBIS,2026-08-18,2026-08-19,2026-08-26,223.9,218.03102125,218.03102125,2026-08-20,1.0,target hit (day 1),0.025514087301587274,WATCH:SUCCESS,0.10485,0.2857,0.1453,0.1296,52.4,5723785367
SIMULATED,SHORT_WATCH,SNDK,2026-08-18,2026-08-19,2026-08-26,1568.87,1527.74207295,1494.09,2026-08-24,3.0,gapped through target (day 3),0.04656964172271999,WATCH:SUCCESS,0.10486,0.2791,0.0229,0.0542,30.5,23568765463
SIMULATED,SHORT_WATCH,KURA,2026-08-18,2026-08-19,2026-08-26,12.53,12.365825675,12.36,2026-08-20,1.0,gapped through target (day 1),0.011869025450031047,WATCH:SUCCESS,0.05241,0.2417,0.1322,0.1078,37.4,15873974
SIMULATED,LONG,PLTR,2026-08-19,2026-08-20,2026-08-27,173.96,175.8892164,175.8892164,2026-08-21,1.0,target hit (day 1),0.010590000000000044,SUCCESS,0.04436,0.0243,0.4064,0.2799,27.3,7233008940
SIMULATED,LONG,NOW,2026-08-19,2026-08-20,2026-08-27,129.75,131.445508125,131.445508125,2026-08-27,5.0,target hit (day 5),0.01256750000000001,SUCCESS,0.05227,0.0181,0.3325,0.2455,19.8,2730423481
SIMULATED,LONG,MRNA,2026-08-19,2026-08-20,2026-08-27,133.32,135.5184468,135.5184468,2026-08-21,1.0,target hit (day 1),0.015989999999999893,SUCCESS,0.06596,1.7388,2.0029,2.7197,71.9,2040431289
SIMULATED,SHORT_WATCH,MRNA,2026-08-19,2026-08-20,2026-08-27,133.32,131.1215532,131.1215532,2026-08-24,2.0,target hit (day 2),0.015593174603174607,WATCH:SUCCESS,0.06596,1.7388,2.0029,2.7197,71.9,2040431289
SIMULATED,SHORT_WATCH,KURA,2026-08-19,2026-08-20,2026-08-27,11.71,11.560287650000001,11.560287650000001,2026-08-24,2.0,target hit (day 2),0.010888174603174539,WATCH:SUCCESS,0.05114,0.2606,0.1888,0.1138,45.0,17980747
SIMULATED,SHORT_WATCH,BNTX,2026-08-19,2026-08-20,2026-08-27,110.89,109.925257,111.4,2026-08-27,5.0,time limit (day 5),-0.006091215805166531,WATCH:FAIL,0.0348,0.2198,0.2318,0.2277,44.0,133188538
SIMULATED,LONG,PLTR,2026-08-20,2026-08-21,2026-08-28,179.94,181.8878505,181.8878505,2026-08-27,4.0,target hit (day 4),0.010325000000000084,SUCCESS,0.0433,-0.0282,0.4101,0.2735,24.7,7284453535
SIMULATED,LONG,MRNA,2026-08-20,2026-08-21,2026-08-28,145.13,148.926237975,148.926237975,2026-08-25,2.0,target hit (day 2),0.025657500000000055,SUCCESS,0.10463,1.0946,1.3381,1.8348,51.9,2690310775
SIMULATED,LONG,NOW,2026-08-20,2026-08-21,2026-08-28,128.48,130.07989719999998,130.07989719999998,2026-08-24,1.0,target hit (day 1),0.011952499999999977,SUCCESS,0.04981,0.0196,0.4112,0.2985,19.4,2615156354
SIMULATED,SHORT_WATCH,MRNA,2026-08-20,2026-08-21,2026-08-28,145.13,141.333762025,141.333762025,2026-08-24,1.0,target hit (day 1),0.025459087301587247,WATCH:SUCCESS,0.10463,1.0946,1.3381,1.8348,51.9,2690310775
SIMULATED,SHORT_WATCH,IOVA,2026-08-20,2026-08-21,2026-08-28,8.29,8.153132099999999,8.08,2026-08-24,1.0,gapped through target (day 1),0.023839661477779547,WATCH:SUCCESS,0.06604,0.3788,0.7524,1.1927,63.7,122736011
SIMULATED,SHORT_WATCH,AMR,2026-08-20,2026-08-21,2026-08-28,210.01,207.601710325,207.601710325,2026-08-24,1.0,target hit (day 1),0.010769087301587266,WATCH:SUCCESS,0.04587,0.2487,0.3567,0.0076,36.1,56255367
SIMULATED,LONG,SNDK,2026-08-21,2026-08-24,2026-08-31,1493.12,1529.2385727999997,1533.69,2026-08-25,1.0,gapped through target (day 1),0.026671292327475393,SUCCESS,0.09676,-0.0278,0.111,0.0039,22.7,23486301269
SIMULATED,LONG,PLTR,2026-08-21,2026-08-24,2026-08-31,175.89,177.77202299999996,177.77202299999996,2026-08-25,1.0,target hit (day 1),0.010199999999999931,SUCCESS,0.0428,0.0339,0.4639,0.3579,22.4,7523862218
SIMULATED,LONG,MRNA,2026-08-21,2026-08-24,2026-08-31,138.89,142.4511396,143.5,2026-08-25,1.0,gapped through target (day 1),0.032691734466124334,SUCCESS,0.10256,1.292,1.6841,2.0483,55.0,3311949319
SIMULATED,SHORT_WATCH,MRNA,2026-08-21,2026-08-24,2026-08-31,138.89,135.3288604,135.3288604,2026-08-28,4.0,target hit (day 4),0.02434634920634909,WATCH:SUCCESS,0.10256,1.292,1.6841,2.0483,55.0,3311949319
SIMULATED,SHORT_WATCH,TEM,2026-08-21,2026-08-24,2026-08-31,66.17,65.16520855,65.16520855,2026-08-25,1.0,target hit (day 1),0.014486587301587306,WATCH:SUCCESS,0.06074,0.398,0.7027,0.541,47.9,384281950
SIMULATED,SHORT_WATCH,MSTR,2026-08-21,2026-08-24,2026-08-31,122.63,120.88712112500001,119.105,2026-08-25,1.0,gapped through target (day 1),0.028046592602084697,WATCH:SUCCESS,0.05685,0.2817,0.3009,-0.2267,39.2,2121521527
SIMULATED,LONG,PLTR,2026-08-24,2026-08-25,2026-09-01,172.73,174.63693919999997,174.63693919999997,2026-08-26,1.0,target hit (day 1),0.010539999999999938,SUCCESS,0.04416,0.0194,0.3373,0.2271,20.8,7591273731
SIMULATED,LONG,MRNA,2026-08-24,2026-08-25,2026-09-01,158.83,163.09815917500003,154.27,2026-09-01,5.0,time limit (day 5),-0.029209941446829923,FAIL,0.10749,1.1547,1.4967,1.9197,55.7,3517286970
SIMULATED,LONG,MSTR,2026-08-24,2026-08-25,2026-09-01,126.83,128.617351775,128.617351775,2026-08-27,2.0,target hit (day 2),0.013592500000000063,SUCCESS,0.05637,0.2554,0.2431,-0.1913,41.4,2287767905
SIMULATED,SHORT_WATCH,MRNA,2026-08-24,2026-08-25,2026-09-01,158.83,154.56184082500002,154.2,2026-08-26,1.0,gapped through target (day 1),0.028452251533785444,WATCH:SUCCESS,0.10749,1.1547,1.4967,1.9197,55.7,3517286970
SIMULATED,SHORT_WATCH,BMNR,2026-08-24,2026-08-25,2026-09-01,24.82,24.49107295,24.24,2026-08-26,1.0,gapped through target (day 1),0.022669838711740498,WATCH:SUCCESS,0.05301,0.2888,0.3471,0.254,39.9,693934638
SIMULATED,SHORT_WATCH,TEM,2026-08-24,2026-08-25,2026-09-01,68.73,67.53994005000001,67.48,2026-08-26,1.0,gapped through target (day 1),0.01748869627874433,WATCH:SUCCESS,0.06926,0.2814,0.5421,0.2901,34.5,412156709
SIMULATED,LONG,SNDK,2026-08-25,2026-08-26,2026-09-02,1499.37,1537.8663247499996,1549.42,2026-08-27,1.0,gapped through target (day 1),0.03288068655501991,SUCCESS,0.1027,-0.0892,0.3509,-0.1264,24.3,22383573632
SIMULATED,LONG,PLTR,2026-08-25,2026-08-26,2026-09-02,177.5,179.49376875,179.49376875,2026-08-27,1.0,target hit (day 1),0.010732499999999978,SUCCESS,0.04493,0.0069,0.3983,0.1034,21.9,7534094787
SIMULATED,LONG,NBIS,2026-08-25,2026-08-26,2026-09-02,213.93,219.55315004999997,223.37,2026-08-27,1.0,gapped through target (day 1),0.04362658346188003,SUCCESS,0.10514,-0.1065,0.3081,-0.0395,36.8,6156161166
SIMULATED,SHORT_WATCH,MRNA,2026-08-25,2026-08-26,2026-09-02,149.66,146.01615315,144.18,2026-08-27,1.0,gapped through target (day 1),0.03591791765037783,WATCH:SUCCESS,0.09739,1.5227,1.8462,2.3658,60.9,3892704857
SIMULATED,SHORT_WATCH,TEM,2026-08-25,2026-08-26,2026-09-02,68.48,67.2922144,67.2922144,2026-08-28,2.0,target hit (day 2),0.016448174603174548,WATCH:SUCCESS,0.06938,0.3924,0.6021,0.3618,37.3,428923741
SIMULATED,SHORT_WATCH,MSTR,2026-08-25,2026-08-26,2026-09-02,123.19,121.45425289999999,121.45425289999999,2026-09-02,5.0,target hit (day 5),0.012597936507936554,WATCH:SUCCESS,0.05636,0.3708,0.3189,-0.2028,38.8,2424732952
SIMULATED,LONG,SNDK,2026-08-26,2026-08-27,2026-09-03,1484.95,1521.0045860000002,1521.0045860000002,2026-08-31,2.0,target hit (day 2),0.02378000000000008,SUCCESS,0.09712,-0.0443,0.4759,-0.1488,23.1,21811920766
SIMULATED,LONG,PLTR,2026-08-26,2026-08-27,2026-09-03,185.93,187.99614712500002,187.99614712500002,2026-08-28,1.0,target hit (day 1),0.01061250000000008,SUCCESS,0.04445,0.0132,0.4431,0.1049,26.7,7614593394
SIMULATED,LONG,NBIS,2026-08-26,2026-08-27,2026-09-03,218.48,224.16594199999997,210.63,2026-09-03,5.0,time limit (day 5),-0.036430062248260675,FAIL,0.1041,-0.0445,0.4433,-0.1912,26.9,5974367210
SIMULATED,SHORT_WATCH,BMNR,2026-08-26,2026-08-27,2026-09-03,25.63,25.28796765,25.1,2026-08-28,1.0,gapped through target (day 1),0.01998047922511431,WATCH:SUCCESS,0.05338,0.2307,0.5015,0.3215,34.5,758795137
SIMULATED,SHORT_WATCH,MSTR,2026-08-26,2026-08-27,2026-09-03,137.4,135.430371,134.0,2026-08-28,1.0,gapped through target (day 1),0.024046856588341325,WATCH:SUCCESS,0.05734,0.1817,0.3199,-0.1775,31.1,2463177907
SIMULATED,SHORT_WATCH,SBET,2026-08-26,2026-08-27,2026-09-03,8.88,8.766868800000001,8.65,2026-08-28,1.0,gapped through target (day 1),0.02440883740883742,WATCH:SUCCESS,0.05096,0.1751,0.355,0.3441,32.5,60451374
SIMULATED,LONG,NVDA,2026-08-27,2026-08-28,2026-09-04,217.55,219.2904,219.2904,2026-08-31,1.0,target hit (day 1),0.007500000000000007,SUCCESS,0.032,0.0513,0.1689,0.0232,24.0,27181330921
SIMULATED,LONG,PLTR,2026-08-27,2026-08-28,2026-09-04,186.29,188.2926175,174.33,2026-09-04,5.0,time limit (day 5),-0.0647009769713886,FAIL,0.043,0.0688,0.5208,0.2219,23.4,7823374762
SIMULATED,LONG,MRVL,2026-08-27,2026-08-28,2026-09-04,216.62,220.4888332,220.4888332,2026-09-04,5.0,target hit (day 5),0.017359999999999987,SUCCESS,0.07144,-0.0381,0.3172,-0.1697,30.2,5320880247
SIMULATED,SHORT_WATCH,OKTA,2026-08-27,2026-08-28,2026-09-04,166.23,163.99379092499998,163.99379092499998,2026-09-01,2.0,target hit (day 2),0.01255567460317458,WATCH:SUCCESS,0.05381,0.2888,0.2314,0.2778,40.5,519655071
SIMULATED,SHORT_WATCH,CRM,2026-08-27,2026-08-28,2026-09-04,256.0,253.29536,259.23,2026-09-04,5.0,time limit (day 5),-0.014109250992063564,WATCH:FAIL,0.04226,0.2269,0.3948,0.255,45.4,2927206694
SIMULATED,SHORT_WATCH,MSTR,2026-08-27,2026-08-28,2026-09-04,127.31,125.5162021,125.5162021,2026-09-01,2.0,target hit (day 2),0.01319317460317465,WATCH:SUCCESS,0.05636,0.2225,0.4058,0.0097,36.0,2702235519
SIMULATED,LONG,PLTR,2026-08-28,2026-08-31,2026-09-08,186.38,188.30810110000002,170.3,2026-09-08,5.0,time limit (day 5),-0.08677535143255705,FAIL,0.04138,0.0353,0.5138,0.3101,21.3,7877837618
SIMULATED,LONG,MRNA,2026-08-28,2026-08-31,2026-09-08,140.34,144.06286935,144.06286935,2026-09-01,1.0,target hit (day 1),0.026027500000000037,SUCCESS,0.10611,-0.0492,1.5171,1.8127,38.1,4367915035
SIMULATED,LONG,CRM,2026-08-28,2026-08-31,2026-09-08,257.54,260.28859565000005,260.28859565000005,2026-09-01,1.0,target hit (day 1),0.010172500000000084,SUCCESS,0.04269,0.2239,0.3912,0.3431,44.3,3277877824
SIMULATED,SHORT_WATCH,OKTA,2026-08-28,2026-08-31,2026-09-08,173.04,170.65550879999998,170.0,2026-09-01,1.0,gapped through target (day 1),0.0168697796270611,WATCH:SUCCESS,0.05512,0.2301,0.1712,0.3336,35.0,537993087
SIMULATED,SHORT_WATCH,CRM,2026-08-28,2026-08-31,2026-09-08,257.54,254.79140435000002,254.79140435000002,2026-09-01,1.0,target hit (day 1),0.009974087301587276,WATCH:SUCCESS,0.04269,0.2239,0.3912,0.3431,44.3,3277877824
SIMULATED,SHORT_WATCH,ESTC,2026-08-28,2026-08-31,2026-09-08,97.55,96.29526312499999,95.76,2026-09-01,1.0,gapped through target (day 1),0.017651151627573858,WATCH:SUCCESS,0.05145,0.1626,0.5186,0.5587,54.0,244103682
SIMULATED,LONG,PLTR,2026-08-31,2026-09-01,2026-09-09,179.92,181.7192,181.7192,2026-09-03,2.0,target hit (day 2),0.009500000000000008,SUCCESS,0.04,0.0596,0.4833,0.3153,17.7,7634053441
SIMULATED,LONG,MRNA,2026-08-31,2026-09-01,2026-09-09,154.27,158.209670125,135.61,2026-09-09,5.0,time limit (day 5),-0.12145676411486356,FAIL,0.10215,0.0104,1.5452,1.7203,39.6,4483953473
SIMULATED,LONG,CRM,2026-08-31,2026-09-01,2026-09-09,258.11,260.793698725,260.793698725,2026-09-02,1.0,target hit (day 1),0.009897500000000059,SUCCESS,0.04159,0.2319,0.385,0.3645,45.5,3447230845
SIMULATED,SHORT_WATCH,OKTA,2026-08-31,2026-09-01,2026-09-09,166.43,164.21980960000002,164.21980960000002,2026-09-02,1.0,target hit (day 1),0.01258158730158726,WATCH:SUCCESS,0.05312,0.3212,0.2223,0.4014,39.1,562362483
SIMULATED,SHORT_WATCH,CRM,2026-08-31,2026-09-01,2026-09-09,258.11,255.42630127500001,255.42630127500001,2026-09-02,1.0,target hit (day 1),0.00969908730158725,WATCH:SUCCESS,0.04159,0.2319,0.385,0.3645,45.5,3447230845
SIMULATED,SHORT_WATCH,CRWD,2026-08-31,2026-09-01,2026-09-09,215.07,212.202579225,212.202579225,2026-09-02,1.0,target hit (day 1),0.012634087301587271,WATCH:SUCCESS,0.05333,0.2115,0.1405,0.285,26.3,2000829163
SIMULATED,LONG,MRNA,2026-09-01,2026-09-02,2026-09-10,150.81,154.35328095,154.35328095,2026-09-04,2.0,target hit (day 2),0.022995000000000043,SUCCESS,0.09398,-0.0287,1.707,2.2519,38.0,4671808215
SIMULATED,LONG,CRM,2026-09-01,2026-09-02,2026-09-10,256.93,259.54875902500004,261.98,2026-09-03,1.0,gapped through target (day 1),0.019155158992721855,SUCCESS,0.04077,0.2548,0.3514,0.3902,46.9,3563328913
SIMULATED,LONG,MSTR,2026-09-01,2026-09-02,2026-09-10,123.19,125.176746725,127.985,2026-09-03,1.0,gapped through target (day 1),0.038423613929702005,SUCCESS,0.06451,-0.0154,0.2789,0.0369,25.7,2964916105
SIMULATED,SHORT_WATCH,OKTA,2026-09-01,2026-09-02,2026-09-10,163.15,160.86508425,171.11,2026-09-10,5.0,time limit (day 5),-0.050281521046461386,WATCH:FAIL,0.05602,0.2743,0.1259,0.4019,40.2,573798458
SIMULATED,SHORT_WATCH,CRM,2026-09-01,2026-09-02,2026-09-10,256.93,254.311240975,247.42,2026-09-08,3.0,gapped through target (day 3),0.03591873458214495,WATCH:SUCCESS,0.04077,0.2548,0.3514,0.3902,46.9,3563328913
SIMULATED,SHORT_WATCH,ESTC,2026-09-01,2026-09-02,2026-09-10,89.58,88.2976623,88.2976623,2026-09-08,3.0,target hit (day 3),0.013219761904761871,WATCH:SUCCESS,0.05726,0.1491,0.3002,0.4952,47.1,271200311
SIMULATED,LONG,MRNA,2026-09-02,2026-09-03,2026-09-11,148.87,152.36621195,153.62,2026-09-04,1.0,gapped through target (day 1),0.03140703298179609,SUCCESS,0.09394,0.0077,1.6808,2.1683,35.7,4782179960
SIMULATED,LONG,CRM,2026-09-02,2026-09-03,2026-09-11,264.43,267.1456961,247.72,2026-09-11,5.0,time limit (day 5),-0.06369252732292102,FAIL,0.04108,0.2495,0.3314,0.4075,54.2,3655554683
SIMULATED,LONG,DELL,2026-09-02,2026-09-03,2026-09-11,516.39,524.555416875,524.555416875,2026-09-04,1.0,target hit (day 1),0.015312500000000007,SUCCESS,0.06325,0.0612,0.0638,0.2281,30.8,3395230564
SIMULATED,SHORT_WATCH,CRM,2026-09-02,2026-09-03,2026-09-11,264.43,261.7143039,261.7143039,2026-09-04,1.0,target hit (day 1),0.009571587301587303,WATCH:SUCCESS,0.04108,0.2495,0.3314,0.4075,54.2,3655554683
SIMULATED,SHORT_WATCH,OKTA,2026-09-02,2026-09-03,2026-09-11,170.42,167.9676562,167.9676562,2026-09-04,1.0,target hit (day 1),0.013691587301587316,WATCH:SUCCESS,0.05756,0.2137,0.1096,0.3962,40.0,591216979
SIMULATED,SHORT_WATCH,GTLB,2026-09-02,2026-09-03,2026-09-11,49.31,48.665395025,48.665395025,2026-09-04,1.0,target hit (day 1),0.012374087301587344,WATCH:SUCCESS,0.05229,0.2004,0.3714,0.5956,45.3,266668320
SIMULATED,LONG,MRNA,2026-09-03,2026-09-04,2026-09-14,145.55,148.90565525000002,148.90565525000002,2026-09-11,4.0,target hit (day 4),0.022555000000000047,SUCCESS,0.09222,0.0427,1.764,2.119,33.8,4865917552
SIMULATED,LONG,CRM,2026-09-03,2026-09-04,2026-09-14,259.23,261.8300769,259.43,2026-09-14,5.0,time limit (day 5),0.00027151564247968095,SUCCESS,0.04012,0.0491,0.4158,0.508,43.9,3743418879
SIMULATED,LONG,MSTR,2026-09-03,2026-09-04,2026-09-14,142.8,144.951996,136.94,2026-09-14,5.0,time limit (day 5),-0.04153641456582641,FAIL,0.06028,0.054,0.4953,0.2376,28.3,3267610519
SIMULATED,SHORT_WATCH,CHPT,2026-09-03,2026-09-04,2026-09-14,9.89,9.730993525,9.730993525,2026-09-08,1.0,target hit (day 1),0.013585436507936475,WATCH:SUCCESS,0.06431,0.5575,0.5442,0.3084,56.3,22342473
SIMULATED,SHORT_WATCH,SMMT,2026-09-03,2026-09-04,2026-09-14,17.605,17.346998725000002,17.346998725000002,2026-09-08,1.0,target hit (day 1),0.013956587301587164,WATCH:SUCCESS,0.05862,0.1954,0.2651,0.1987,33.7,87327559
SIMULATED,SHORT_WATCH,ESTC,2026-09-03,2026-09-04,2026-09-14,91.81,90.537742925,89.98,2026-09-08,1.0,gapped through target (day 1),0.019234056531518717,WATCH:SUCCESS,0.05543,0.148,0.3743,0.5692,39.0,286399854
SIMULATED,LONG,SNDK,2026-09-04,2026-09-08,2026-09-15,1737.99,1770.4252383750002,1770.4252383750002,2026-09-09,1.0,target hit (day 1),0.018162500000000026,SUCCESS,0.07465,0.1717,0.4354,0.0589,26.0,20613450525
SIMULATED,LONG,MRNA,2026-09-04,2026-09-08,2026-09-15,140.33,143.62950912500003,143.62950912500003,2026-09-09,1.0,target hit (day 1),0.023012500000000047,SUCCESS,0.09405,0.0548,1.4599,2.1648,36.7,4954657909
SIMULATED,LONG,DELL,2026-09-04,2026-09-08,2026-09-15,533.88,542.0537028,542.0537028,2026-09-09,1.0,target hit (day 1),0.014809999999999934,SUCCESS,0.06124,0.1488,0.1551,0.4172,32.3,3959945506
SIMULATED,SHORT_WATCH,CHPT,2026-09-04,2026-09-08,2026-09-15,9.37,9.221274675,9.221274675,2026-09-09,1.0,target hit (day 1),0.013380436507936464,WATCH:SUCCESS,0.06349,0.7756,0.59,0.5453,60.1,28867165
SIMULATED,SHORT_WATCH,SMMT,2026-09-04,2026-09-08,2026-09-15,17.28,17.0366112,17.0366112,2026-09-10,2.0,target hit (day 2),0.013188174603174728,WATCH:SUCCESS,0.05634,0.2822,0.2611,0.349,35.2,91918434
SIMULATED,SHORT_WATCH,IREN,2026-09-04,2026-09-08,2026-09-15,46.93,46.019440675,46.019440675,2026-09-09,1.0,target hit (day 1),0.01870408730158729,WATCH:SUCCESS,0.07761,0.2604,0.0837,-0.1328,19.1,1884528718
SIMULATED,LONG,SNDK,2026-09-08,2026-09-09,2026-09-16,1764.17,1796.11029785,1519.97,2026-09-16,5.0,time limit (day 5),-0.13892203415770593,FAIL,0.07242,0.1093,0.404,-0.0763,34.9,20913835576
SIMULATED,LONG,NBIS,2026-09-08,2026-09-09,2026-09-16,240.35,245.07588187499996,209.37,2026-09-16,5.0,time limit (day 5),-0.12939536093197418,FAIL,0.07865,0.182,0.3246,0.0974,24.6,5243902517
SIMULATED,LONG,MRNA,2026-09-08,2026-09-09,2026-09-16,135.61,138.81548137500002,138.81548137500002,2026-09-11,2.0,target hit (day 2),0.023137499999999978,SUCCESS,0.09455,-0.0001,1.3463,1.827,36.3,5008373906
SIMULATED,SHORT_WATCH,CHPT,2026-09-08,2026-09-09,2026-09-16,8.95,8.7914955,8.7,2026-09-10,1.0,gapped through target (day 1),0.02544089740179128,WATCH:SUCCESS,0.07084,0.7036,0.531,0.424,67.7,31300981
SIMULATED,SHORT_WATCH,BE,2026-09-08,2026-09-09,2026-09-16,269.28,264.3979536,260.708,2026-09-10,1.0,gapped through target (day 1),0.03113462354638802,WATCH:SUCCESS,0.07252,0.3438,0.3161,0.1139,35.9,2925526216
SIMULATED,SHORT_WATCH,EOSE,2026-09-08,2026-09-09,2026-09-16,4.15,4.059519625000001,3.965,2026-09-10,1.0,gapped through target (day 1),0.043086249760948714,WATCH:SUCCESS,0.08721,0.3354,0.0617,-0.3065,37.5,95069872
SIMULATED,LONG,SNDK,2026-09-09,2026-09-10,2026-09-17,1692.59,1721.98182535,1614.39,2026-09-17,5.0,time limit (day 5),-0.046701383678268094,FAIL,0.06946,0.1479,0.388,-0.1091,39.0,21160211060
SIMULATED,LONG,NBIS,2026-09-09,2026-09-10,2026-09-17,228.11,232.50682025,234.8,2026-09-11,1.0,gapped through target (day 1),0.02882795581079306,SUCCESS,0.0771,0.2045,0.2439,0.0344,21.3,5163708892
SIMULATED,LONG,MRNA,2026-09-09,2026-09-10,2026-09-17,136.62,139.87462995,139.87462995,2026-09-11,1.0,target hit (day 1),0.02332250000000008,SUCCESS,0.09529,-0.121,1.2389,1.7171,32.2,5047172612
SIMULATED,SHORT_WATCH,CHPT,2026-09-09,2026-09-10,2026-09-17,8.93,8.761468575,8.761468575,2026-09-14,2.0,target hit (day 2),0.015388373015872973,WATCH:SUCCESS,0.07549,0.6887,0.4274,0.2535,68.1,32238543
SIMULATED,SHORT_WATCH,EOSE,2026-09-09,2026-09-10,2026-09-17,3.99,3.9021003000000003,3.77,2026-09-14,2.0,gapped through target (day 2),0.052653717627401835,WATCH:SUCCESS,0.08812,0.3651,-0.0212,-0.3152,32.2,94725411
SIMULATED,SHORT_WATCH,BE,2026-09-09,2026-09-10,2026-09-17,258.49,253.8061612,253.8061612,2026-09-14,2.0,target hit (day 2),0.01722317460317463,WATCH:SUCCESS,0.07248,0.2605,0.2749,0.0348,32.4,2997063739
SIMULATED,LONG,MRNA,2026-09-10,2026-09-11,2026-09-18,143.97,147.25827479999998,147.25827479999998,2026-09-14,1.0,target hit (day 1),0.02233999999999997,SUCCESS,0.09136,-0.0941,1.1458,1.6208,28.6,5080002778
SIMULATED,LONG,MSTR,2026-09-10,2026-09-11,2026-09-18,130.97,133.116270875,133.116270875,2026-09-14,1.0,target hit (day 1),0.0158875,SUCCESS,0.06555,0.0436,0.3557,-0.0197,32.0,3482176395
SIMULATED,LONG,BMNR,2026-09-10,2026-09-11,2026-09-18,25.03,25.430730300000004,25.430730300000004,2026-09-14,1.0,target hit (day 1),0.01551000000000008,SUCCESS,0.06404,0.0494,0.3527,0.4144,29.0,1025686110
SIMULATED,SHORT_WATCH,CHPT,2026-09-10,2026-09-11,2026-09-18,9.06,8.8890831,8.88,2026-09-14,1.0,gapped through target (day 1),0.01737548617681067,WATCH:SUCCESS,0.07546,0.7206,0.3953,0.2577,68.4,32867034
SIMULATED,SHORT_WATCH,DOCN,2026-09-10,2026-09-11,2026-09-18,122.95,120.8143585,116.91,2026-09-14,1.0,gapped through target (day 1),0.04842724813932625,WATCH:SUCCESS,0.06948,0.2496,-0.0174,-0.2771,27.1,278550165
SIMULATED,SHORT_WATCH,ROIV,2026-09-10,2026-09-11,2026-09-18,40.82,40.4109836,40.4109836,2026-09-15,2.0,target hit (day 2),0.00912317460317452,WATCH:SUCCESS,0.04008,0.1978,0.1322,0.3633,40.2,324250765
SIMULATED,LONG,MRNA,2026-09-11,2026-09-14,2026-09-21,146.69,149.910212225,152.5,2026-09-17,3.0,gapped through target (day 3),0.039107335196673254,SUCCESS,0.08781,-0.0329,1.2619,1.5987,28.5,5164958236
SIMULATED,LONG,CRM,2026-09-11,2026-09-14,2026-09-21,259.43,262.09888612500004,262.09888612500004,2026-09-15,1.0,target hit (day 1),0.009787500000000005,SUCCESS,0.04115,-0.0632,0.2302,0.5319,28.2,3901943726
SIMULATED,LONG,MSTR,2026-09-11,2026-09-14,2026-09-21,136.94,139.1597974,139.1597974,2026-09-18,4.0,target hit (day 4),0.015710000000000057,SUCCESS,0.06484,-0.0956,0.3488,0.0664,31.9,3520669842
SIMULATED,SHORT_WATCH,AEHR,2026-09-11,2026-09-14,2026-09-21,83.37,81.16048657500001,81.16048657500001,2026-09-15,1.0,target hit (day 1),0.025804087301587286,WATCH:SUCCESS,0.10601,0.2415,-0.232,-0.0967,33.3,275536085
SIMULATED,SHORT_WATCH,SWKS,2026-09-11,2026-09-14,2026-09-21,79.26,78.3758547,88.74,2026-09-21,5.0,time limit (day 5),-0.12109842231113982,WATCH:FAIL,0.04462,0.2357,0.2665,0.237,43.1,453961752
SIMULATED,SHORT_WATCH,ROIV,2026-09-11,2026-09-14,2026-09-21,41.02,40.613491800000006,40.613491800000006,2026-09-15,1.0,target hit (day 1),0.009211587301587276,WATCH:SUCCESS,0.03964,0.1863,0.1251,0.3423,38.6,325488113
SIMULATED,LONG,MRNA,2026-09-14,2026-09-15,2026-09-22,143.77,146.791685975,146.791685975,2026-09-16,1.0,target hit (day 1),0.02051749999999991,SUCCESS,0.08407,0.0078,1.3166,1.3736,20.0,5230483427
SIMULATED,LONG,CRM,2026-09-14,2026-09-15,2026-09-22,255.65,258.201387,233.28,2026-09-22,5.0,time limit (day 5),-0.08800244474867985,FAIL,0.03992,0.0008,0.3222,0.6735,30.4,3985127622
SIMULATED,LONG,MSTR,2026-09-14,2026-09-15,2026-09-22,129.6,131.580288,131.580288,2026-09-17,2.0,target hit (day 2),0.01477999999999996,SUCCESS,0.06112,-0.041,0.4718,0.1748,28.3,3552599486
SIMULATED,SHORT_WATCH,RBLX,2026-09-14,2026-09-15,2026-09-22,50.24,49.6544528,49.6544528,2026-09-16,1.0,target hit (day 1),0.010956587301587273,WATCH:SUCCESS,0.04662,0.1843,0.3416,0.0681,50.7,430494788
SIMULATED,SHORT_WATCH,ROIV,2026-09-14,2026-09-15,2026-09-22,39.5,39.11833125,39.02,2026-09-21,4.0,gapped through target (day 4),0.010858247940526308,WATCH:SUCCESS,0.03865,0.1743,0.1331,0.3147,38.7,332865930
SIMULATED,SHORT_WATCH,S,2026-09-14,2026-09-15,2026-09-22,23.48,23.1810409,23.04,2026-09-16,1.0,gapped through target (day 1),0.01804093994213246,WATCH:SUCCESS,0.05093,0.1373,-0.0216,0.5277,27.7,184836131
SIMULATED,LONG,MRNA,2026-09-15,2026-09-16,2026-09-23,145.62,148.656177,152.5,2026-09-17,1.0,gapped through target (day 1),0.04674625738222765,SUCCESS,0.0834,0.0245,1.2304,1.2478,19.6,5278146272
SIMULATED,LONG,CRM,2026-09-15,2026-09-16,2026-09-23,250.54,253.0228514,237.58,2026-09-23,5.0,time limit (day 5),-0.05222826694340216,FAIL,0.03964,0.0262,0.3387,0.6843,23.7,3994866434
SIMULATED,LONG,MSTR,2026-09-15,2026-09-16,2026-09-23,126.18,128.2714335,129.9,2026-09-17,1.0,gapped through target (day 1),0.02898169281978119,SUCCESS,0.0663,-0.0507,0.3268,0.1517,23.3,3603120514
SIMULATED,SHORT_WATCH,S,2026-09-15,2026-09-16,2026-09-23,23.17,22.880201225,22.75,2026-09-17,1.0,gapped through target (day 1),0.01742847551911003,WATCH:SUCCESS,0.05003,0.2084,0.0761,0.5632,30.9,187180758
SIMULATED,SHORT_WATCH,ZS,2026-09-15,2026-09-16,2026-09-23,191.58,189.10670220000003,189.10670220000003,2026-09-17,1.0,target hit (day 1),0.012211587301587168,WATCH:SUCCESS,0.05164,0.1973,0.0512,0.553,30.9,594116449
SIMULATED,SHORT_WATCH,SWKS,2026-09-15,2026-09-16,2026-09-23,85.59,84.44737350000001,84.44737350000001,2026-09-17,1.0,target hit (day 1),0.012651587301587164,WATCH:SUCCESS,0.0534,0.194,0.3288,0.2422,37.1,530756121
SIMULATED,LONG,MRNA,2026-09-16,2026-09-17,2026-09-24,158.07,161.219939925,161.219939925,2026-09-21,2.0,target hit (day 2),0.019427500000000097,SUCCESS,0.07971,0.0738,1.3129,1.4538,17.7,5328900366
SIMULATED,LONG,DELL,2026-09-16,2026-09-17,2026-09-24,588.4,597.25542,536.02,2026-09-24,5.0,time limit (day 5),-0.0895210740992522,FAIL,0.0602,0.0524,0.2019,0.3453,45.9,4849866332
SIMULATED,LONG,CRM,2026-09-16,2026-09-17,2026-09-24,242.85,245.24814375000003,238.22,2026-09-24,5.0,time limit (day 5),-0.01956526662548902,FAIL,0.0395,0.0261,0.2774,0.6689,16.9,3974227888
SIMULATED,SHORT_WATCH,S,2026-09-16,2026-09-17,2026-09-24,23.19,22.898907525000002,22.898907525000002,2026-09-18,1.0,target hit (day 1),0.011854087301587268,WATCH:SUCCESS,0.05021,0.1919,0.0302,0.5719,42.8,190982755
SIMULATED,SHORT_WATCH,RVTY,2026-09-16,2026-09-17,2026-09-24,146.73,145.5546927,145.5546927,2026-09-18,1.0,target hit (day 1),0.0073115873015871516,WATCH:SUCCESS,0.03204,0.1767,0.2811,0.4714,34.3,247252204
SIMULATED,SHORT_WATCH,IOVA,2026-09-16,2026-09-17,2026-09-24,10.02,9.888838199999999,9.888838199999999,2026-09-18,1.0,target hit (day 1),0.012391587301587348,WATCH:SUCCESS,0.05236,0.1708,0.404,1.431,31.5,128981642
SIMULATED,LONG,PLTR,2026-09-17,2026-09-18,2026-09-25,177.64,179.44926339999998,179.44926339999998,2026-09-21,1.0,target hit (day 1),0.009684999999999888,SUCCESS,0.04074,0.0626,0.006,0.5102,14.0,4979784698
SIMULATED,LONG,DELL,2026-09-17,2026-09-18,2026-09-25,568.06,576.1889385999999,586.77,2026-09-21,1.0,gapped through target (day 1),0.03243666162025155,SUCCESS,0.05724,0.1614,0.3448,0.3755,47.7,4969898254
SIMULATED,LONG,CRM,2026-09-17,2026-09-18,2026-09-25,237.92,240.3283452,240.3283452,2026-09-21,1.0,target hit (day 1),0.009622500000000034,SUCCESS,0.04049,-0.0006,0.1784,0.5829,14.4,3992061292
SIMULATED,SHORT_WATCH,TEM,2026-09-17,2026-09-18,2026-09-25,77.84,76.6599456,76.6599456,2026-09-22,2.0,target hit (day 2),0.014263174603174665,WATCH:SUCCESS,0.06064,0.3681,0.312,0.6532,36.7,556618868
SIMULATED,SHORT_WATCH,IOVA,2026-09-17,2026-09-18,2026-09-25,10.25,10.1070125,10.1070125,2026-09-21,1.0,target hit (day 1),0.01325158730158732,WATCH:SUCCESS,0.0558,0.231,0.2541,1.2568,40.8,131420578
SIMULATED,SHORT_WATCH,ILMN,2026-09-17,2026-09-18,2026-09-25,239.62,237.15251305,237.09,2026-09-22,2.0,gapped through target (day 2),0.009661558711345828,WATCH:SUCCESS,0.04119,0.2182,0.196,0.4866,30.8,472298493
SIMULATED,LONG,DELL,2026-09-18,2026-09-21,2026-09-28,575.31,583.72390875,543.43,2026-09-28,5.0,time limit (day 5),-0.055913603100936904,FAIL,0.0585,0.0014,0.3065,0.3087,30.5,5224346308
SIMULATED,LONG,PLTR,2026-09-18,2026-09-21,2026-09-28,183.09,184.9135764,185.125,2026-09-22,1.0,gapped through target (day 1),0.010614752307608277,SUCCESS,0.03984,0.0622,0.0212,0.5651,15.0,5093865017
SIMULATED,LONG,CRM,2026-09-18,2026-09-21,2026-09-28,236.42,238.82498244999996,241.5,2026-09-22,1.0,gapped through target (day 1),0.020987183825395606,SUCCESS,0.04069,-0.0396,0.1582,0.5575,14.7,4135385401
SIMULATED,SHORT_WATCH,TEM,2026-09-18,2026-09-21,2026-09-28,78.03,76.79146882500001,76.79146882500001,2026-09-22,1.0,target hit (day 1),0.015174087301587147,WATCH:SUCCESS,0.06349,0.3191,0.1679,0.4987,36.4,525765714
SIMULATED,SHORT_WATCH,ZS,2026-09-18,2026-09-21,2026-09-28,207.13,204.57401579999998,204.57401579999998,2026-09-22,1.0,target hit (day 1),0.01164158730158732,WATCH:SUCCESS,0.04936,0.1992,0.1278,0.5503,32.0,650042560
SIMULATED,SHORT_WATCH,RXRX,2026-09-18,2026-09-21,2026-09-28,3.97,3.91440015,3.91440015,2026-09-22,1.0,target hit (day 1),0.012512936507936553,WATCH:SUCCESS,0.05602,0.1969,0.1467,0.1858,32.7,58952777
SIMULATED,LONG,META,2026-09-21,2026-09-22,2026-09-29,736.595,743.0420477375,747.6,2026-09-23,1.0,gapped through target (day 1),0.01444036750181582,SUCCESS,0.03501,0.1136,0.348,0.3654,48.4,13010356702
SIMULATED,LONG,AMD,2026-09-21,2026-09-22,2026-09-29,623.77,630.445898425,630.445898425,2026-09-24,2.0,target hit (day 2),0.010202500000000059,SUCCESS,0.04281,0.2475,0.3006,0.1558,36.8,10513434715
SIMULATED,LONG,INTC,2026-09-21,2026-09-22,2026-09-29,123.86,125.53211,125.53211,2026-09-24,2.0,target hit (day 2),0.013000000000000067,SUCCESS,0.054,0.253,0.3521,-0.0835,37.1,10295815493
SIMULATED,SHORT_WATCH,ARM,2026-09-21,2026-09-22,2026-09-29,333.2,328.34111099999996,328.34111099999996,2026-09-23,1.0,target hit (day 1),0.013884087301587356,WATCH:SUCCESS,0.05833,0.351,0.3271,-0.0714,39.0,1190119542
SIMULATED,SHORT_WATCH,ALAB,2026-09-21,2026-09-22,2026-09-29,363.46,357.25573779999996,357.25573779999996,2026-09-23,1.0,target hit (day 1),0.01637158730158733,WATCH:SUCCESS,0.06828,0.3256,0.1957,-0.1439,31.9,1100665047
SIMULATED,SHORT_WATCH,TEM,2026-09-21,2026-09-22,2026-09-29,77.19,76.00011615,76.00011615,2026-09-23,1.0,target hit (day 1),0.01471658730158737,WATCH:SUCCESS,0.06166,0.2543,0.0735,0.4221,35.9,489723556
SIMULATED,LONG,SNDK,2026-09-22,2026-09-23,2026-09-30,1816.57,1844.940281975,1739.89,2026-09-30,5.0,time limit (day 5),-0.042711420424206004,FAIL,0.06247,0.2326,0.2638,-0.0974,29.1,17722956902
SIMULATED,LONG,META,2026-09-22,2026-09-23,2026-09-30,744.1,750.6778439999999,750.6778439999999,2026-09-24,1.0,target hit (day 1),0.008339999999999959,SUCCESS,0.03536,0.099,0.3177,0.3387,48.6,13682987787
SIMULATED,LONG,AMD,2026-09-22,2026-09-23,2026-09-30,614.61,620.957384775,620.957384775,2026-09-24,1.0,target hit (day 1),0.009827500000000045,SUCCESS,0.04131,0.2371,0.3657,0.1959,35.2,11016385623
SIMULATED,SHORT_WATCH,ALAB,2026-09-22,2026-09-23,2026-09-30,360.46,354.49889275,350.405,2026-09-24,1.0,gapped through target (day 1),0.02719649935840357,WATCH:SUCCESS,0.06615,0.4392,0.3096,-0.0722,30.3,1148638867
SIMULATED,SHORT_WATCH,ARM,2026-09-22,2026-09-23,2026-09-30,332.56,327.9116426,319.23,2026-09-24,1.0,gapped through target (day 1),0.03938457984428628,WATCH:SUCCESS,0.05591,0.3778,0.3954,-0.0032,38.6,1273982409
SIMULATED,SHORT_WATCH,VKTX,2026-09-22,2026-09-23,2026-09-30,41.65,41.076791875,36.025,2026-09-24,1.0,gapped through target (day 1),0.13435560891023074,WATCH:SUCCESS,0.05505,0.3639,0.2293,0.0739,48.2,149442279
SIMULATED,LONG,META,2026-09-23,2026-09-24,2026-10-01,777.59,784.4172402,725.93,2026-10-01,5.0,time limit (day 5),-0.06693603955812194,FAIL,0.03512,0.1051,0.3053,0.3226,47.1,14551545873
SIMULATED,LONG,INTC,2026-09-23,2026-09-24,2026-10-01,127.39,129.02154742500002,120.0,2026-10-01,5.0,time limit (day 5),-0.05851083287542197,FAIL,0.05123,0.2133,0.4015,-0.0692,30.5,10711047968
SIMULATED,LONG,PLTR,2026-09-23,2026-09-24,2026-10-01,192.59,194.368087175,190.04,2026-10-01,5.0,time limit (day 5),-0.013740562853730764,FAIL,0.03693,0.1001,0.1103,0.6576,24.3,4945031708
SIMULATED,SHORT_WATCH,VKTX,2026-09-23,2026-09-24,2026-10-01,36.75,36.20444625,36.20444625,2026-09-25,1.0,target hit (day 1),0.01414658730158741,WATCH:SUCCESS,0.05938,0.4109,0.2189,0.0534,53.6,178623550
SIMULATED,SHORT_WATCH,ARM,2026-09-23,2026-09-24,2026-10-01,306.34,302.1523322,302.1523322,2026-09-28,2.0,target hit (day 2),0.012773174603174562,WATCH:SUCCESS,0.05468,0.3631,0.3767,-0.0321,39.1,1347866854
SIMULATED,SHORT_WATCH,ALAB,2026-09-23,2026-09-24,2026-10-01,360.51,354.633687,354.633687,2026-09-28,2.0,target hit (day 2),0.015403174603174584,WATCH:SUCCESS,0.0652,0.3391,0.2753,-0.2094,30.3,1182739719
SIMULATED,LONG,META,2026-09-24,2026-09-25,2026-10-02,751.66,758.1599798499999,728.08,2026-10-02,5.0,time limit (day 5),-0.031870566479525186,FAIL,0.03459,0.1396,0.3497,0.3804,49.9,14999872334
SIMULATED,LONG,AMD,2026-09-24,2026-09-25,2026-10-02,630.63,637.0372007999999,637.0372007999999,2026-10-02,5.0,target hit (day 5),0.009659999999999946,SUCCESS,0.04064,0.1544,0.3084,0.0832,32.3,11514798353
SIMULATED,LONG,INTC,2026-09-24,2026-09-25,2026-10-02,123.0,124.54365000000001,124.54365000000001,2026-10-02,5.0,target hit (day 5),0.01205000000000006,SUCCESS,0.0502,0.1709,0.4437,-0.0877,32.1,11136687168
SIMULATED,SHORT_WATCH,VKTX,2026-09-24,2026-09-25,2026-10-02,35.56,34.891472,34.891472,2026-09-28,1.0,target hit (day 1),0.01810158730158734,WATCH:SUCCESS,0.0752,0.2517,0.0689,-0.0579,46.8,229404960
SIMULATED,SHORT_WATCH,MRNA,2026-09-24,2026-09-25,2026-10-02,198.88,195.5502516,195.155,2026-09-28,1.0,gapped through target (day 1),0.01803147467085514,WATCH:SUCCESS,0.06697,0.2325,0.3018,1.782,45.0,2551491754
SIMULATED,SHORT_WATCH,ALAB,2026-09-24,2026-09-25,2026-10-02,364.62,358.7514411,356.32,2026-09-28,1.0,gapped through target (day 1),0.022065012237136694,WATCH:SUCCESS,0.06438,0.2281,0.2419,-0.2536,30.6,1216095364
SIMULATED,LONG,META,2026-09-25,2026-09-28,2026-10-05,715.62,722.0927829,725.0,2026-09-29,1.0,gapped through target (day 1),0.012607515161677962,SUCCESS,0.03618,0.129,0.3162,0.2264,42.8,15535871642
SIMULATED,LONG,AMD,2026-09-25,2026-09-28,2026-10-05,607.87,613.825606325,616.735,2026-09-29,1.0,gapped through target (day 1),0.01408371033280148,SUCCESS,0.03919,0.1265,0.323,0.1659,34.6,11678898079
SIMULATED,LONG,INTC,2026-09-25,2026-09-28,2026-10-05,116.03,117.5070619,117.5070619,2026-09-29,1.0,target hit (day 1),0.012229999999999908,SUCCESS,0.05092,0.1326,0.3356,-0.0316,28.9,11274703422
SIMULATED,SHORT_WATCH,MRNA,2026-09-25,2026-09-28,2026-10-05,197.28,194.09590079999998,194.09590079999998,2026-09-29,1.0,target hit (day 1),0.015441587301587456,WATCH:SUCCESS,0.06456,0.2911,0.393,1.7432,45.7,2511746440
SIMULATED,SHORT_WATCH,VKTX,2026-09-25,2026-09-28,2026-10-05,33.03,32.368656825,32.368656825,2026-09-29,1.0,target hit (day 1),0.019324087301587245,WATCH:SUCCESS,0.08009,0.2266,0.0502,-0.0512,49.6,249812241
SIMULATED,SHORT_WATCH,P,2026-09-25,2026-09-28,2026-10-05,129.4,127.598752,140.14,,4.0,open · day 4 of 5,-0.0829984544049458,WATCH:OPEN,0.05568,0.2099,0.2696,0.6334,41.9,774725112
SIMULATED,LONG,AMD,2026-09-28,2026-09-29,2026-10-06,607.57,613.920625425,613.920625425,2026-09-30,1.0,target hit (day 1),0.009952499999999975,SUCCESS,0.04181,-0.0124,0.3056,0.1739,19.8,11993435903
SIMULATED,LONG,MSTR,2026-09-28,2026-09-29,2026-10-06,154.67,156.814112875,160.89,2026-09-30,1.0,gapped through target (day 1),0.03971465054632434,SUCCESS,0.05545,-0.0674,0.2343,0.5594,25.8,3484475219
SIMULATED,LONG,MRNA,2026-09-28,2026-09-29,2026-10-06,203.46,206.73163680000002,190.01,,3.0,open · day 3 of 5,-0.06610635997247627,OPEN,0.06432,0.1407,0.4297,1.4734,30.6,2465376954
SIMULATED,SHORT_WATCH,MRNA,2026-09-28,2026-09-29,2026-10-06,203.46,200.1883632,186.55,2026-09-30,1.0,gapped through target (day 1),0.08241374693984543,WATCH:SUCCESS,0.06432,0.1407,0.4297,1.4734,30.6,2465376954
SIMULATED,SHORT_WATCH,ILMN,2026-09-28,2026-09-29,2026-10-06,272.0,269.10524,269.10524,2026-10-01,2.0,target hit (day 2),0.009745674603174713,WATCH:SUCCESS,0.04257,0.1385,0.2612,0.4411,33.4,955612427
SIMULATED,SHORT_WATCH,P,2026-09-28,2026-09-29,2026-10-06,130.05,128.300502375,140.14,,3.0,open · day 3 of 5,-0.07758554402153006,WATCH:OPEN,0.05381,0.1385,0.3854,0.7797,40.6,789928815
SIMULATED,LONG,BE,2026-09-29,2026-09-30,2026-10-07,276.98,282.04665665000005,284.62,2026-10-01,1.0,gapped through target (day 1),0.027083219004982284,SUCCESS,0.07317,0.0532,0.4118,-0.0129,28.4,4675900457
SIMULATED,LONG,MSTR,2026-09-29,2026-09-30,2026-10-07,153.09,155.255840775,155.255840775,2026-10-01,1.0,target hit (day 1),0.013647499999999979,SUCCESS,0.05659,-0.0757,0.1635,0.5349,30.0,3450062302
SIMULATED,LONG,MRNA,2026-09-29,2026-09-30,2026-10-07,192.57,195.67759837499997,195.67759837499997,2026-10-01,1.0,target hit (day 1),0.015637499999999915,SUCCESS,0.06455,0.1145,0.4498,1.4873,27.6,2470142625
SIMULATED,SHORT_WATCH,IOVA,2026-09-29,2026-09-30,2026-10-07,14.82,14.60507295,14.60507295,2026-10-01,1.0,target hit (day 1),0.013804087301587276,WATCH:SUCCESS,0.05801,0.3581,0.7687,2.4487,57.8,185301977
SIMULATED,SHORT_WATCH,P,2026-09-29,2026-09-30,2026-10-07,130.78,129.06972455000002,140.14,,2.0,open · day 2 of 5,-0.07157057654075527,WATCH:OPEN,0.05231,0.1728,0.3991,0.6731,40.7,804338816
SIMULATED,SHORT_WATCH,ABCL,2026-09-29,2026-09-30,2026-10-07,14.59,14.390591174999999,14.390591174999999,2026-10-01,1.0,target hit (day 1),0.012969087301587356,WATCH:SUCCESS,0.05467,0.1715,0.2909,0.8831,36.5,56549618
SIMULATED,LONG,AMD,2026-09-30,2026-10-01,2026-10-08,615.73,621.830344975,635.95,2026-10-02,1.0,gapped through target (day 1),0.03233906907248313,SUCCESS,0.03963,-0.0046,0.331,0.1853,21.2,12341516238
SIMULATED,LONG,INTC,2026-09-30,2026-10-01,2026-10-08,120.0,121.5402,124.005,2026-10-02,1.0,gapped through target (day 1),0.03287499999999993,SUCCESS,0.05134,-0.0193,0.3514,0.0891,18.6,12005745181
SIMULATED,LONG,MSTR,2026-09-30,2026-10-01,2026-10-08,160.5,162.84610874999998,165.885,2026-10-02,1.0,gapped through target (day 1),0.033051401869158725,SUCCESS,0.05847,-0.0562,0.2259,0.5724,30.3,3445297570
SIMULATED,SHORT_WATCH,IOVA,2026-09-30,2026-10-01,2026-10-08,14.23,14.025835075000002,14.025835075000002,2026-10-02,1.0,target hit (day 1),0.01364908730158726,WATCH:SUCCESS,0.05739,0.4544,0.7899,2.4069,57.6,204245219
SIMULATED,SHORT_WATCH,P,2026-09-30,2026-10-01,2026-10-08,134.13,132.44666850000002,140.14,,1.0,open · day 1 of 5,-0.044807276522776274,WATCH:OPEN,0.0502,0.1927,0.3945,0.6713,52.1,812657885
SIMULATED,SHORT_WATCH,ABCL,2026-09-30,2026-10-01,2026-10-08,13.91,13.722945275,13.722945275,2026-10-02,1.0,target hit (day 1),0.012749087301587247,WATCH:SUCCESS,0.05379,0.1852,0.2934,0.8973,45.9,57700123
SIMULATED,LONG,AMD,2026-10-01,2026-10-02,2026-10-09,633.91,640.031985825,633.91,,0.0,open · day 0 of 5,0.0,OPEN,0.03863,-0.0215,0.3472,0.19,21.5,12596190868
SIMULATED,LONG,INTC,2026-10-01,2026-10-02,2026-10-09,119.33,120.84012115,119.33,,0.0,open · day 0 of 5,0.0,OPEN,0.05062,-0.058,0.3326,0.0885,18.6,12349954673
SIMULATED,LONG,MSTR,2026-10-01,2026-10-02,2026-10-09,160.01,162.240939425,160.01,,0.0,open · day 0 of 5,0.0,OPEN,0.05577,-0.0069,0.3029,0.7098,30.6,3509060339
SIMULATED,SHORT_WATCH,IOVA,2026-10-01,2026-10-02,2026-10-09,14.215,14.0028055875,14.215,,0.0,open · day 0 of 5,-0.0,WATCH:OPEN,0.05971,0.3176,0.6508,2.3248,52.6,210264902
SIMULATED,SHORT_WATCH,ACN,2026-10-01,2026-10-02,2026-10-09,198.9,196.65591075,198.9,,0.0,open · day 0 of 5,-0.0,WATCH:OPEN,0.04513,0.1967,0.1312,0.5475,51.8,1259093348
SIMULATED,SHORT_WATCH,SNPS,2026-10-01,2026-10-02,2026-10-09,489.9,485.10020475,489.9,,0.0,open · day 0 of 5,-0.0,WATCH:OPEN,0.03919,0.1545,0.1793,0.129,40.7,945227536
