side,universe,m,H,period,n,win,avg,p05,worst,days,dev_first_half
short,liquid,0.25,1,dev,1499,0.6470980653769179,-0.0023252128966397135,-0.08165160342854763,-0.47738206102840236,1.0,-0.0014757808762889649
short,liquid,0.25,1,holdout,945,0.6349206349206349,-0.00516091162133633,-0.09676128592273199,-0.22115713876133009,1.0,
short,rev_rule,0.25,1,dev,1499,0.7131420947298199,-0.0012683189960704811,-0.09552489237744372,-1.7192732706251224,1.0,-0.0027815296716757368
short,rev_rule,0.25,1,holdout,945,0.7238095238095238,-0.0011246907168771432,-0.09781628452725408,-0.4402707231040564,1.0,
short,most_extended,0.25,1,dev,1427,0.6979677645409951,-0.0049660492741417225,-0.1415925948056896,-1.7192732706251224,1.0,-0.0047971223299171474
short,most_extended,0.25,1,holdout,945,0.6846560846560846,-0.005799462907584272,-0.12372071356906718,-0.7981027953843651,1.0,
short,biggest_5d,0.25,1,dev,1499,0.7298198799199467,-0.0011289233811324765,-0.12067321037615553,-1.7192732706251224,1.0,-0.0014235670205796317
short,biggest_5d,0.25,1,holdout,945,0.7513227513227513,0.0017954594481491516,-0.09284823475381834,-0.5703130729910393,1.0,
short,exhaustion,0.25,1,dev,1499,0.685790527018012,-0.0009411260383065333,-0.0786739726257735,-0.886116021035657,1.0,-0.0031177986445664434
short,exhaustion,0.25,1,holdout,945,0.6962962962962963,-0.0029435590243988468,-0.09008504126788074,-0.41791960955287516,1.0,
short,liquid,0.25,3,dev,1499,0.7651767845230153,-0.0024540012921123373,-0.10866054584760781,-0.4687533443707191,1.6611074049366243,-0.0023481995351736285
short,liquid,0.25,3,holdout,941,0.7534537725823592,-0.007702505147457478,-0.14995039776440638,-0.4739657410862231,1.6928799149840594,
short,rev_rule,0.25,3,dev,1499,0.8152101400933957,-0.0012435085427801233,-0.12510361449766108,-1.2686537391588937,1.52368245496998,-0.004452010483727518
short,rev_rule,0.25,3,holdout,943,0.8250265111346765,-0.00205774279452621,-0.13763849334964248,-0.6051737213403878,1.501590668080594,
short,most_extended,0.25,3,dev,1427,0.8213034337771549,-0.006856126792759435,-0.1999873862171262,-2.837620485778204,1.5669236159775752,-0.007189220119176491
short,most_extended,0.25,3,holdout,945,0.7714285714285715,-0.014517504717154128,-0.2277643110020876,-0.8402128316975646,1.5957671957671957,
short,biggest_5d,0.25,3,dev,1499,0.828552368245497,0.0010569687609205236,-0.12594337837346972,-1.2686537391588937,1.494996664442962,-0.00014908832071831906
short,biggest_5d,0.25,3,holdout,943,0.8504772004241782,8.212641667897638e-06,-0.1341970783338211,-0.7792258645309493,1.44220572640509,
short,exhaustion,0.25,3,dev,1499,0.80920613742495,-0.00022508290599581338,-0.09787144841214458,-0.6554550236316512,1.56971314209473,-0.0015518812831325532
short,exhaustion,0.25,3,holdout,942,0.8089171974522293,-0.002348109418068801,-0.123827232019983,-0.5711792998041743,1.5541401273885351,
short,liquid,0.25,5,dev,1499,0.8178785857238159,-0.003764839860138415,-0.12918355271318105,-1.0712282913165263,2.107404936624416,-0.004130407852611662
short,liquid,0.25,5,holdout,940,0.8053191489361702,-0.011629713873145011,-0.19665853777429085,-0.5811481121825721,2.1595744680851063,
short,rev_rule,0.25,5,dev,1499,0.8472314876584389,-0.0008366614353988624,-0.13216909333838878,-1.0425830883793845,1.875917278185457,-0.0018710472182190028
short,rev_rule,0.25,5,holdout,941,0.8650371944739639,-0.0006801948324420596,-0.14566831144603362,-0.6061117832583631,1.8374070138150904,
short,most_extended,0.25,5,dev,1427,0.8605466012613875,-0.00782396800653976,-0.22100179455563843,-2.234162084080494,1.9194113524877365,-0.010250781991936655
short,most_extended,0.25,5,holdout,944,0.8114406779661016,-0.020091926480237943,-0.2834275237294281,-1.2034950315413389,2.031779661016949,
short,biggest_5d,0.25,5,dev,1499,0.8605737158105403,0.0025410404249928543,-0.13669085213032572,-2.234162084080494,1.8225483655770514,0.0010338749678054223
short,biggest_5d,0.25,5,holdout,941,0.8862911795961743,0.0013378440420079478,-0.12651830321820143,-0.9821017316017313,1.7236981934112645,
short,exhaustion,0.25,5,dev,1499,0.8472314876584389,-0.00045930478277226926,-0.11100664363499356,-0.8267057224170351,1.9366244162775184,-0.00027123989421275283
short,exhaustion,0.25,5,holdout,939,0.8498402555910544,-0.0022174752089832166,-0.138384302495513,-0.7206057537692443,1.9137380191693292,
short,liquid,0.5,1,dev,1499,0.5283522348232155,-0.0027924554366000934,-0.08550110185207356,-0.47738206102840236,1.0,-0.0026332208725406477
short,liquid,0.5,1,holdout,945,0.5513227513227513,-0.003942867904144662,-0.09736300572692544,-0.22115713876133009,1.0,
short,rev_rule,0.5,1,dev,1499,0.5843895930620414,-0.0018651058376969495,-0.11036071460626842,-1.7192732706251224,1.0,-0.0037980195453597917
short,rev_rule,0.5,1,holdout,945,0.6148148148148148,0.0010109001231462917,-0.10188312067530683,-0.4402707231040564,1.0,
short,most_extended,0.5,1,dev,1427,0.5816398037841626,-0.005157573006255973,-0.15049116743471586,-1.7192732706251224,1.0,-0.004566431560351186
short,most_extended,0.5,1,holdout,945,0.5671957671957671,-0.006346721998860347,-0.135961774916649,-0.7981027953843651,1.0,
short,biggest_5d,0.5,1,dev,1499,0.6010673782521682,-0.002468995982941273,-0.13847063036145318,-1.7192732706251224,1.0,-0.003742954716732707
short,biggest_5d,0.5,1,holdout,945,0.6232804232804233,0.0008642741895059867,-0.10106919800173171,-1.3083907203907201,1.0,
short,exhaustion,0.5,1,dev,1499,0.5610406937958639,-0.0012654088918212629,-0.09497995198398718,-0.886116021035657,1.0,-0.0030759287032837463
short,exhaustion,0.5,1,holdout,945,0.580952380952381,-0.0024785896269647234,-0.09198956491593001,-0.41791960955287516,1.0,
short,liquid,0.5,3,dev,1499,0.6350900600400267,-0.004073891837653779,-0.12708291859127407,-0.6701428571428569,2.076717811874583,-0.004626441861198889
short,liquid,0.5,3,holdout,940,0.6585106382978724,-0.007283784055951597,-0.16030911657678645,-0.4739657410862231,2.0148936170212766,
short,rev_rule,0.5,3,dev,1499,0.6877918612408273,-0.0035617367728779385,-0.15689333714814382,-1.2686537391588937,1.9066044029352902,-0.007127114872785569
short,rev_rule,0.5,3,holdout,941,0.7247608926673751,0.0008478097507935274,-0.15325269456760743,-0.6051737213403878,1.8299681190223167,
short,most_extended,0.5,3,dev,1427,0.6937631394533987,-0.011238730121832205,-0.24494672320562003,-2.837620485778204,1.982480728801682,-0.008655103276482255
short,most_extended,0.5,3,holdout,942,0.6634819532908705,-0.016079226308332986,-0.25043482124465183,-0.8402128316975646,1.9522292993630572,
short,biggest_5d,0.5,3,dev,1499,0.7111407605070047,-0.003504941832282496,-0.18460636982065542,-1.2686537391588937,1.8539026017344897,-0.007022580122622478
short,biggest_5d,0.5,3,holdout,941,0.7385759829968119,0.0007962926985842077,-0.16245701960392417,-0.9070781440781439,1.79596174282678,
short,exhaustion,0.5,3,dev,1499,0.6711140760507005,-0.0017623709577546567,-0.1360804892844533,-0.6554550236316512,1.9773182121414277,-0.0024561315882670426
short,exhaustion,0.5,3,holdout,941,0.7035069075451648,-0.0010157817652697268,-0.13508464006344406,-0.5711792998041743,1.906482465462274,
short,liquid,0.5,5,dev,1499,0.705136757838559,-0.004174059519805715,-0.1509479983484374,-1.0712282913165263,2.8225483655770516,-0.005435939089319144
short,liquid,0.5,5,holdout,935,0.7155080213903743,-0.013124900884554815,-0.21209067146191027,-0.5811481121825721,2.7037433155080213,
short,rev_rule,0.5,5,dev,1499,0.7391594396264176,-0.0029167511116007547,-0.18284310312138258,-1.0425830883793845,2.5483655770513676,-0.003643083099952334
short,rev_rule,0.5,5,holdout,939,0.7710330138445154,0.0008301639258457764,-0.15893449489525277,-0.730837743772323,2.389776357827476,
short,most_extended,0.5,5,dev,1427,0.7575332866152769,-0.011762956575036164,-0.27905621861022517,-3.0249047619047613,2.6299929922915206,-0.009455316937725668
short,most_extended,0.5,5,holdout,940,0.7095744680851064,-0.023209045586454917,-0.31595044144811907,-1.2034950315413389,2.627659574468085,
short,biggest_5d,0.5,5,dev,1499,0.7585056704469646,-0.0017260894169331086,-0.20392746682156493,-2.234162084080494,2.4436290860573715,-0.005182494893382108
short,biggest_5d,0.5,5,holdout,939,0.7987220447284346,0.0014952705876703457,-0.19675259252503477,-0.9821017316017313,2.3099041533546325,
short,exhaustion,0.5,5,dev,1499,0.7304869913275517,-0.0011347970964096822,-0.16173731548431342,-0.8267057224170351,2.657771847898599,0.00032592390823481845
short,exhaustion,0.5,5,holdout,937,0.7556029882604055,-0.002082633056019023,-0.1711136726265114,-0.7206057537692443,2.502668089647812,
short,liquid,0.75,1,dev,1499,0.49966644429619744,-0.0029308164157283547,-0.08550110185207356,-0.47738206102840236,1.0,-0.002999256046402402
short,liquid,0.75,1,holdout,945,0.5164021164021164,-0.0037977084997794282,-0.0982274080311147,-0.22115713876133009,1.0,
short,rev_rule,0.75,1,dev,1499,0.5276851234156104,-0.0027415388430778185,-0.12013227159342463,-1.7192732706251224,1.0,-0.004769379294920287
short,rev_rule,0.75,1,holdout,945,0.5492063492063493,0.000517752604661057,-0.10301421811971602,-0.4402707231040564,1.0,
short,most_extended,0.75,1,dev,1427,0.5353889278206027,-0.005914976903951228,-0.15497758889978566,-1.7192732706251224,1.0,-0.0050980878529741005
short,most_extended,0.75,1,holdout,945,0.526984126984127,-0.005798392503994525,-0.135961774916649,-0.7981027953843651,1.0,
short,biggest_5d,0.75,1,dev,1499,0.5456971314209473,-0.0026453611943340126,-0.14332338484944038,-1.7192732706251224,1.0,-0.004940547619556944
short,biggest_5d,0.75,1,holdout,945,0.564021164021164,0.0014659693839750056,-0.10187617814792278,-1.3083907203907201,1.0,
short,exhaustion,0.75,1,dev,1499,0.5130086724482988,-0.001217269921983041,-0.10024564871281275,-0.886116021035657,1.0,-0.003263681342958037
short,exhaustion,0.75,1,holdout,945,0.5174603174603175,-0.0037691557236173997,-0.09749851412844689,-0.41791960955287516,1.0,
short,liquid,0.75,3,dev,1499,0.5390260173448966,-0.006579782013728512,-0.13712713155994616,-0.6701428571428569,2.4062708472314878,-0.006652971068623252
short,liquid,0.75,3,holdout,939,0.5750798722044729,-0.008973988946634886,-0.16356603521489305,-0.4739657410862231,2.3152289669861554,
short,rev_rule,0.75,3,dev,1499,0.6077384923282189,-0.003064775254942508,-0.17574411908845866,-1.2686537391588937,2.230153435623749,-0.007417827035458352
short,rev_rule,0.75,3,holdout,941,0.6344314558979809,0.0007363874068004738,-0.16305721327347938,-0.6051737213403878,2.187035069075452,
short,most_extended,0.75,3,dev,1427,0.613875262789068,-0.013281930116425913,-0.2614836250705815,-2.837620485778204,2.3363700070077087,-0.013364383429451836
short,most_extended,0.75,3,holdout,941,0.59192348565356,-0.016675809841167864,-0.2692607573149742,-0.8402128316975646,2.263549415515409,
short,biggest_5d,0.75,3,dev,1499,0.6264176117411607,-0.005131838063635885,-0.19994649013443347,-1.7103057296211097,2.1707805203468977,-0.008869425027638133
short,biggest_5d,0.75,3,holdout,941,0.6546227417640808,0.0006456226154644729,-0.18018665717306398,-0.9070781440781439,2.1232731137088203,
short,exhaustion,0.75,3,dev,1499,0.590393595730487,-0.0018459923521998653,-0.15364373810350399,-0.6554550236316512,2.296864576384256,-0.002869339635647981
short,exhaustion,0.75,3,holdout,940,0.5936170212765958,-0.0029317621558651247,-0.15486557049583566,-0.5711792998041743,2.3063829787234043,
short,liquid,0.75,5,dev,1499,0.6084056037358239,-0.007305876444480812,-0.17250609971759986,-1.0712282913165263,3.4496330887258173,-0.0083516199834297
short,liquid,0.75,5,holdout,934,0.6284796573875803,-0.01667157109499283,-0.23404416234077108,-0.5811481121825721,3.2698072805139184,
short,rev_rule,0.75,5,dev,1499,0.6537691794529686,-0.003771546722783086,-0.21783937370781503,-1.0792837427964816,3.115410273515677,-0.004221844053517866
short,rev_rule,0.75,5,holdout,938,0.6801705756929638,-0.001130615705205592,-0.19641791140897663,-0.730837743772323,2.997867803837953,
short,most_extended,0.75,5,dev,1427,0.6727400140154169,-0.015300769297375704,-0.29391255674460637,-3.0249047619047613,3.2796075683251575,-0.01440902574561587
short,most_extended,0.75,5,holdout,937,0.6446104589114194,-0.024343050028469464,-0.32981127404974075,-1.2034950315413389,3.1568836712913555,
short,biggest_5d,0.75,5,dev,1499,0.66711140760507,-0.004566292756994231,-0.22812598126263717,-2.234162084080494,3.0166777851901267,-0.006463843508603452
short,biggest_5d,0.75,5,holdout,938,0.7217484008528785,0.00015802942545017372,-0.22457387704099105,-0.9821017316017313,2.875266524520256,
short,exhaustion,0.75,5,dev,1499,0.6517678452301534,-0.00309451316985546,-0.18085758706763594,-1.3853951156025113,3.2341561040693794,-0.0012869088786162442
short,exhaustion,0.75,5,holdout,936,0.657051282051282,-0.003615610023494818,-0.19158628266877034,-0.7206057537692443,3.2083333333333335,
long,liquid,0.25,1,dev,1499,0.6751167444963309,0.0023720048823523063,-0.06557996493650256,-0.39427013963480123,1.0,0.0027099830240301455
long,liquid,0.25,1,holdout,945,0.6656084656084656,0.001823546531151258,-0.07683124092040185,-0.1707871870397643,1.0,
long,rev_rule,0.25,1,dev,1499,0.6984656437625083,-0.0009847500161345572,-0.0970524193548387,-0.4545511147362698,1.0,-0.00042864131664766556
long,rev_rule,0.25,1,holdout,945,0.6708994708994709,-0.0007611486433196235,-0.08492692983174538,-0.3181265270506109,1.0,
long,most_extended,0.25,1,dev,1427,0.6811492641906096,0.0025544946826853124,-0.10152543367679673,-0.7173767291730709,1.0,0.0036563975326212575
long,most_extended,0.25,1,holdout,945,0.6730158730158731,0.0030494779595788436,-0.10680048998311722,-0.2673711656441719,1.0,
long,biggest_5d,0.25,1,dev,1499,0.7038025350233489,0.0005592595040625927,-0.09756441020578493,-0.41093613707165105,1.0,0.0007630056823726906
long,biggest_5d,0.25,1,holdout,945,0.6687830687830688,-0.0012458231167114602,-0.09550770322472926,-0.3901276595744681,1.0,
long,exhaustion,0.25,1,dev,1499,0.6871247498332221,0.0015660074882394525,-0.07893758898908405,-0.4545511147362698,1.0,0.00043497186166184467
long,exhaustion,0.25,1,holdout,945,0.6835978835978836,0.0016741146096440243,-0.07089596823148528,-0.31090167865707435,1.0,
long,liquid,0.25,3,dev,1499,0.7991994663108739,0.0033278179913416184,-0.09651267531119735,-0.4154178255372945,1.610406937958639,0.004082264399767668
long,liquid,0.25,3,holdout,945,0.7851851851851852,0.0013770312877187498,-0.1171999364503005,-0.3198320623723088,1.619047619047619,
long,rev_rule,0.25,3,dev,1499,0.80920613742495,-0.001172089072615202,-0.1339191759007978,-0.6715168569874932,1.5590393595730487,-0.0014801980552341613
long,rev_rule,0.25,3,holdout,943,0.7910922587486744,-8.37751134568903e-05,-0.1167348731979376,-0.4158577661431065,1.6002120890774125,
long,most_extended,0.25,3,dev,1427,0.8009810791871058,0.0041882139555165935,-0.1505577765352716,-0.6715168569874932,1.590749824807288,0.005530384953414303
long,most_extended,0.25,3,holdout,943,0.8027571580063627,0.004412701292743876,-0.15248007828112609,-0.4293343558282208,1.5758218451749735,
long,biggest_5d,0.25,3,dev,1499,0.8145430286857905,0.0007631696830651075,-0.13659252061462893,-0.5490247524752474,1.5363575717144764,0.0014173884460650813
long,biggest_5d,0.25,3,holdout,943,0.7910922587486744,4.284545245726615e-05,-0.14803714280212538,-0.5062777777777777,1.5906680805938493,
long,exhaustion,0.25,3,dev,1499,0.8085390260173448,0.0019158882367948673,-0.11178307028763634,-0.6715168569874932,1.5803869246164108,0.0010185249717939728
long,exhaustion,0.25,3,holdout,944,0.8114406779661016,0.001561984847101549,-0.11020487747529663,-0.3856918465227817,1.56885593220339,
long,liquid,0.25,5,dev,1499,0.8432288192128086,0.005931836226315011,-0.10528228893474223,-0.466492414664981,1.9933288859239493,0.006986039293386146
long,liquid,0.25,5,holdout,944,0.8315677966101694,0.003142519804491015,-0.12081711231461222,-0.29336191490250124,2.0233050847457625,
long,rev_rule,0.25,5,dev,1499,0.837891927951968,-0.0016745220426219926,-0.1644693251133961,-0.598529702970297,1.9272848565710474,-0.002941729565901121
long,rev_rule,0.25,5,holdout,941,0.8363443145589798,1.5906590713806654e-06,-0.14245838038393294,-0.37920855148342064,1.9968119022316684,
long,most_extended,0.25,5,dev,1427,0.8472319551506657,0.006214396844094722,-0.17189279641696525,-0.7304703264094955,1.966362999299229,0.006751147565655724
long,most_extended,0.25,5,holdout,942,0.851380042462845,0.006971577867833663,-0.1749685640047138,-0.36553067484662577,1.943736730360934,
long,biggest_5d,0.25,5,dev,1499,0.8519012675116745,0.0009510258143012234,-0.1661607272027056,-0.598529702970297,1.8919279519679786,-0.00029216606567430265
long,biggest_5d,0.25,5,holdout,941,0.8416578108395324,0.0008626892785166828,-0.16031735159817345,-0.6996111111111111,1.977683315621679,
long,exhaustion,0.25,5,dev,1499,0.8445630420280187,0.002060097395507723,-0.1248436029562164,-0.5467564102564102,1.9506337558372249,0.00029941892013396595
long,exhaustion,0.25,5,holdout,942,0.8524416135881104,0.0019851323346031856,-0.12880836722005323,-0.3604574014909478,1.9225053078556262,
long,liquid,0.5,1,dev,1499,0.5630420280186791,0.001938311923559715,-0.07184254360193097,-0.39427013963480123,1.0,0.0019588976683662567
long,liquid,0.5,1,holdout,945,0.5502645502645502,0.0010589180724077738,-0.07876487287420811,-0.20378508700601722,1.0,
long,rev_rule,0.5,1,dev,1499,0.5663775850567044,-0.0014451027107754777,-0.10283268542199492,-0.4545511147362698,1.0,-2.356433227563078e-05
long,rev_rule,0.5,1,holdout,945,0.5555555555555556,-0.0013530218741203792,-0.09166166592028656,-0.3181265270506109,1.0,
long,most_extended,0.5,1,dev,1427,0.5522074281709881,0.0010529253360941813,-0.10962281898137369,-0.7173767291730709,1.0,0.0024131203410917806
long,most_extended,0.5,1,holdout,945,0.564021164021164,0.0032680399149123663,-0.11093478884555927,-0.2673711656441719,1.0,
long,biggest_5d,0.5,1,dev,1499,0.5817211474316211,-4.2959940522960084e-05,-0.10906707686916202,-0.41093613707165105,1.0,0.00032907866073230823
long,biggest_5d,0.5,1,holdout,945,0.5576719576719577,-0.001650487233389413,-0.09783528181197541,-0.3901276595744681,1.0,
long,exhaustion,0.5,1,dev,1499,0.5590393595730487,0.0005612897739247446,-0.08585195817573064,-0.4545511147362698,1.0,-0.00019276147500466725
long,exhaustion,0.5,1,holdout,945,0.5714285714285714,0.0014429169220446093,-0.07467511520737327,-0.31090167865707435,1.0,
long,liquid,0.5,3,dev,1499,0.694462975316878,0.004911433211350479,-0.10809337307101688,-0.4154178255372945,1.9953302201467644,0.004609081424122824
long,liquid,0.5,3,holdout,945,0.6878306878306878,0.0021625930851153817,-0.12336098647597987,-0.3198320623723088,1.9587301587301587,
long,rev_rule,0.5,3,dev,1499,0.6937958639092728,-0.0023544521196156333,-0.16898054853112435,-0.6715168569874932,1.9286190793862574,-0.001479590523393485
long,rev_rule,0.5,3,holdout,943,0.6786850477200425,-0.0016869558586214942,-0.1432905576522093,-0.4158577661431065,1.9533404029692472,
long,most_extended,0.5,3,dev,1427,0.6713384723195515,0.0034061842335626038,-0.17370808052950903,-0.6715168569874932,1.9985984583041345,0.004727341547781608
long,most_extended,0.5,3,holdout,942,0.7016985138004246,0.006008913101373034,-0.17477876598471617,-0.4293343558282208,1.9235668789808917,
long,biggest_5d,0.5,3,dev,1499,0.7158105403602402,0.0005210373749276659,-0.16930215837031293,-0.5490247524752474,1.8705803869246165,0.0012681001874163575
long,biggest_5d,0.5,3,holdout,943,0.6998939554612937,0.0001530146864180551,-0.17048818226757137,-0.5062777777777777,1.91728525980912,
long,exhaustion,0.5,3,dev,1499,0.686457638425617,0.0007300012001218656,-0.13937818313949343,-0.6715168569874932,1.9753168779186123,-0.00042631538848405035
long,exhaustion,0.5,3,holdout,943,0.7094379639448568,0.0024544592411379668,-0.12134627795916167,-0.3856918465227817,1.9215270413573702,
long,liquid,0.5,5,dev,1499,0.7398265510340227,0.007523276751273371,-0.12398830825998652,-0.466492414664981,2.6551034022681788,0.007842650735092643
long,liquid,0.5,5,holdout,944,0.7457627118644068,0.004092666905672371,-0.13879846911501734,-0.36527893038698905,2.5921610169491527,
long,rev_rule,0.5,5,dev,1499,0.7364909939959974,-0.0024146699553114696,-0.19376445440122994,-0.598529702970297,2.571714476317545,-0.002163385069257854
long,rev_rule,0.5,5,holdout,940,0.7468085106382979,-0.0006302535724009987,-0.17577976997878036,-0.37920855148342064,2.598936170212766,
long,most_extended,0.5,5,dev,1427,0.731604765241766,0.005744142067515815,-0.2171756709746444,-0.7304703264094955,2.684653118430273,0.005616887105746561
long,most_extended,0.5,5,holdout,941,0.7640807651434643,0.010619030293664023,-0.19389622641509435,-0.3745627603443488,2.536663124335813,
long,biggest_5d,0.5,5,dev,1499,0.76184122748499,0.0006035894842153521,-0.19971077763179343,-0.598529702970297,2.4596397598398934,-0.0003035249708537898
long,biggest_5d,0.5,5,holdout,941,0.7683315621679064,0.0023670948922101392,-0.19485535599743425,-0.6996111111111111,2.5154091392136024,
long,exhaustion,0.5,5,dev,1499,0.733155436957972,0.0007602273450248721,-0.16355549041441253,-0.5467564102564102,2.6344229486324218,-0.0012817713550133695
long,exhaustion,0.5,5,holdout,941,0.7630180658873539,0.003678623979731721,-0.1477598090238494,-0.3604574014909478,2.524973432518597,
long,liquid,0.75,1,dev,1499,0.5170113408939293,0.00186156166479388,-0.0740552647168034,-0.39427013963480123,1.0,0.002091978823656684
long,liquid,0.75,1,holdout,945,0.508994708994709,0.001342532606116917,-0.07905437094375153,-0.20378508700601722,1.0,
long,rev_rule,0.75,1,dev,1499,0.513675783855904,-0.001474965364121191,-0.10454116358131187,-0.4545511147362698,1.0,0.000702755072443601
long,rev_rule,0.75,1,holdout,945,0.508994708994709,-0.0009824909370169266,-0.09313553337457575,-0.3181265270506109,1.0,
long,most_extended,0.75,1,dev,1427,0.508759635599159,0.0015646173015716378,-0.11107574316033016,-0.7173767291730709,1.0,0.0019314520482808903
long,most_extended,0.75,1,holdout,945,0.5174603174603175,0.004015717337791373,-0.11297473050805557,-0.2673711656441719,1.0,
long,biggest_5d,0.75,1,dev,1499,0.5150100066711141,-0.0005199298369576377,-0.11245496279920801,-0.41093613707165105,1.0,0.0014376178367135346
long,biggest_5d,0.75,1,holdout,945,0.5026455026455027,-0.0014871213743306703,-0.10254012658895276,-0.3901276595744681,1.0,
long,exhaustion,0.75,1,dev,1499,0.5156771180787192,0.00038005547470738475,-0.09075238534933826,-0.4545511147362698,1.0,0.0006144018494473785
long,exhaustion,0.75,1,holdout,945,0.5216931216931217,0.0020487805890464727,-0.07791565015242864,-0.31090167865707435,1.0,
long,liquid,0.75,3,dev,1499,0.6210807204803203,0.005085815705393117,-0.11656755431285089,-0.4154178255372945,2.302868579052702,0.0053250983075315405
long,liquid,0.75,3,holdout,944,0.6239406779661016,0.004669255949845596,-0.12420436599153485,-0.3198320623723088,2.2447033898305087,
long,rev_rule,0.75,3,dev,1499,0.6230820547031354,-0.0005276974312260686,-0.1758347088750706,-0.6715168569874932,2.2314876584389594,0.0006158193082833111
long,rev_rule,0.75,3,holdout,941,0.6025504782146652,-0.0007610567122072162,-0.1520151515151515,-0.4158577661431065,2.2199787460148777,
long,most_extended,0.75,3,dev,1427,0.593552908199019,0.0039034071926136553,-0.18687200896004058,-0.6715168569874932,2.2845129642606867,0.004938498734963042
long,most_extended,0.75,3,holdout,939,0.6272630457933972,0.009330158895660573,-0.17985404567216146,-0.4293343558282208,2.2342917997870075,
long,biggest_5d,0.75,3,dev,1499,0.628418945963976,-0.00023702744357662558,-0.17723822874815734,-0.5490247524752474,2.1587725150100066,0.001033417440725296
long,biggest_5d,0.75,3,holdout,941,0.6099893730074389,0.0007341759359263701,-0.17700951199338294,-0.5062777777777777,2.1987247608926674,
long,exhaustion,0.75,3,dev,1499,0.6070713809206137,0.0012584551920417208,-0.14969726103319123,-0.6715168569874932,2.28552368245497,0.0007600316995165712
long,exhaustion,0.75,3,holdout,942,0.6305732484076433,0.0039301301967633985,-0.1237877984259954,-0.3856918465227817,2.2038216560509554,
long,liquid,0.75,5,dev,1499,0.6651100733822548,0.008763611292096445,-0.1396455660032634,-0.466492414664981,3.2174783188792526,0.009519110071205998
long,liquid,0.75,5,holdout,943,0.6755037115588547,0.007088453120141629,-0.13911604094064842,-0.36527893038698905,3.098621420996819,
long,rev_rule,0.75,5,dev,1499,0.6637758505670447,-0.0003118342680304489,-0.21738091355224579,-0.598529702970297,3.0993995997331556,0.0005518159044359561
long,rev_rule,0.75,5,holdout,937,0.6808964781216649,0.0016209194148255712,-0.18715246977325817,-0.37920855148342064,3.073639274279616,
long,most_extended,0.75,5,dev,1427,0.649614576033637,0.0056433527601079244,-0.23211886319572522,-0.7784652844744454,3.207428170988087,0.005661425234860823
long,most_extended,0.75,5,holdout,938,0.6950959488272921,0.015557344250497065,-0.21958084729182153,-0.3745627603443488,3.05863539445629,
long,biggest_5d,0.75,5,dev,1499,0.6797865243495663,-0.0003026089216927876,-0.22592217166856238,-0.598529702970297,2.9786524349566377,0.00035924594187829325
long,biggest_5d,0.75,5,holdout,938,0.6982942430703625,0.00553256785041514,-0.2114641228473128,-0.6996111111111111,3.026652452025586,
long,exhaustion,0.75,5,dev,1499,0.6511007338225484,0.0010900824688369315,-0.17854059105800468,-0.5467564102564102,3.204136090727151,0.0002153785908528052
long,exhaustion,0.75,5,holdout,940,0.6808510638297872,0.005642654535029369,-0.15593201566815088,-0.3604574014909478,3.043617021276596,
