symbol,regime,signal_date,entry_date,exit_date,weight,net_ret
STX,MOMENTUM,2025-07-01,2025-07-02,2025-07-08,0.15,-0.05116414374095035
WDC,MOMENTUM,2025-07-01,2025-07-02,2025-07-17,0.15,0.016850714502888442
JBL,MOMENTUM,2025-07-01,2025-07-02,2025-07-17,0.15,-0.00046770922529182184
AG,MOMENTUM,2025-07-02,2025-07-03,2025-07-18,0.1463183446199342,-0.023276595744680995
LRCX,MOMENTUM,2025-07-02,2025-07-03,2025-07-18,0.15,0.016722801335897097
RCL,MOMENTUM,2025-07-02,2025-07-03,2025-07-18,0.15,0.044699354221478194
KLAC,MOMENTUM,2025-07-03,2025-07-07,2025-07-21,0.15,0.025547062304135393
BKSY,MOMENTUM,2025-07-07,2025-07-08,2025-07-22,0.1044189529353663,-0.11168383658969805
AVAV,MOMENTUM,2025-07-16,2025-07-17,2025-07-31,0.12967423336259856,-0.041201608271108636
LEU,MOMENTUM,2025-07-16,2025-07-17,2025-07-31,0.09622671874407521,-0.08105425627431695
KTOS,MOMENTUM,2025-07-17,2025-07-18,2025-08-01,0.13031699584566786,-0.04276454668470897
SOFI,MOMENTUM,2025-07-17,2025-07-18,2025-08-01,0.15,-0.02859330582301689
ORCL,MOMENTUM,2025-07-17,2025-07-18,2025-08-01,0.15,-0.006196374006926074
RBLX,MOMENTUM,2025-07-18,2025-07-21,2025-08-04,0.15,0.0477991967871485
U,MOMENTUM,2025-07-21,2025-07-22,2025-08-05,0.11422774713846483,-0.010472100496640378
AMD,MOMENTUM,2025-07-30,2025-07-31,2025-08-06,0.15,-0.07681141171799666
UEC,MOMENTUM,2025-07-30,2025-07-31,2025-08-14,0.11718020429964113,0.18139100346020753
TLN,MOMENTUM,2025-07-31,2025-08-01,2025-08-15,0.15,-0.0025026322054971777
GEV,MOMENTUM,2025-07-31,2025-08-01,2025-08-15,0.15,-0.054688499619192754
WDC,MOMENTUM,2025-07-31,2025-08-01,2025-08-15,0.15,-0.021464402351404233
BE,MOMENTUM,2025-08-01,2025-08-04,2025-08-18,0.1020051678031652,0.2860886426592797
KTOS,MOMENTUM,2025-08-04,2025-08-05,2025-08-19,0.12176254474588127,0.07577777777777772
GLW,MOMENTUM,2025-08-05,2025-08-06,2025-08-20,0.15,0.007690528290090539
RDDT,MOMENTUM,2025-08-15,2025-08-18,2025-08-20,0.1330298011801131,-0.09874884182660482
WULF,REVERSAL,2025-08-19,2025-08-20,2025-08-27,0.07194614944759557,0.002259031198686272
EBAY,MOMENTUM,2025-08-13,2025-08-14,2025-08-28,0.15,-0.05967668562144601
INSM,MOMENTUM,2025-08-14,2025-08-15,2025-08-29,0.15,0.06294522691705784
W,MOMENTUM,2025-08-14,2025-08-15,2025-08-29,0.1399805899289934,-0.054457767051949824
ALAB,MOMENTUM,2025-08-14,2025-08-15,2025-08-29,0.1016397743147475,-0.021639494215765387
LITE,MOMENTUM,2025-08-18,2025-08-19,2025-09-03,0.14355575352571867,0.13499559172600883
GNRC,MOMENTUM,2025-08-19,2025-08-20,2025-09-03,0.15,-0.0785093593461641
ALNY,MOMENTUM,2025-08-19,2025-08-20,2025-09-04,0.15,-0.012407802579040393
CDE,MOMENTUM,2025-08-27,2025-08-28,2025-09-12,0.15,0.2344649681528661
BE,MOMENTUM,2025-08-28,2025-08-29,2025-09-15,0.11401814426789574,0.2639614658103513
MP,MOMENTUM,2025-08-28,2025-08-29,2025-09-15,0.09611029019355356,-0.07509530503233064
RUN,MOMENTUM,2025-08-28,2025-08-29,2025-09-15,0.0835361766217554,0.028056355666875366
MDGL,MOMENTUM,2025-09-02,2025-09-03,2025-09-17,0.15,-0.04298605463275662
HL,MOMENTUM,2025-09-02,2025-09-03,2025-09-17,0.15,0.22628507795100217
FUTU,MOMENTUM,2025-09-03,2025-09-04,2025-09-18,0.13876553985097567,-0.08237225042301188
ARWR,MOMENTUM,2025-09-11,2025-09-12,2025-09-26,0.13275967612930786,0.1016339165545086
BABA,MOMENTUM,2025-09-12,2025-09-15,2025-09-29,0.15,0.13631941280688453
IREN,MOMENTUM,2025-09-12,2025-09-15,2025-09-29,0.10018135301512031,0.23467205169628436
NIO,MOMENTUM,2025-09-12,2025-09-15,2025-09-29,0.10422300430578253,0.10893990755007699
GOOG,MOMENTUM,2025-09-16,2025-09-17,2025-10-01,0.15,-0.01925035021012611
APP,MOMENTUM,2025-09-16,2025-09-17,2025-10-01,0.15,0.1586006659413841
SNDK,MOMENTUM,2025-09-17,2025-09-18,2025-10-02,0.15,0.25358814605036906
APP,MOMENTUM,2025-09-30,2025-10-01,2025-10-06,0.15,-0.16829976281441295
RGTI,MOMENTUM,2025-09-25,2025-09-26,2025-10-10,0.08188040317911062,0.40659525336754343
RMBS,MOMENTUM,2025-09-26,2025-09-29,2025-10-10,0.12049329003418525,-0.14066717953649388
UEC,MOMENTUM,2025-09-26,2025-09-29,2025-10-13,0.09243325923466297,0.10095176385889126
WBD,MOMENTUM,2025-09-26,2025-09-29,2025-10-13,0.12616570152294704,-0.059513914656771694
BE,MOMENTUM,2025-09-30,2025-10-01,2025-10-15,0.08837987687810356,0.290604501607717
INTC,MOMENTUM,2025-10-01,2025-10-02,2025-10-16,0.13965374532387656,-0.014332439678284013
AVAV,MOMENTUM,2025-10-10,2025-10-13,2025-10-16,0.15,-0.08918249030085634
HIVE,MOMENTUM,2025-10-03,2025-10-06,2025-10-20,0.12138723219896257,0.0015906642728904536
IONQ,MOMENTUM,2025-10-09,2025-10-10,2025-10-20,0.08353855793886897,-0.15359235668789817
CIFR,MOMENTUM,2025-10-10,2025-10-13,2025-10-22,0.0823371245235589,-0.2099646017699115
PLUG,MOMENTUM,2025-10-14,2025-10-15,2025-10-22,0.05931659266314392,-0.24355844155844164
ASTS,MOMENTUM,2025-10-15,2025-10-16,2025-10-22,0.08129788137104528,-0.20479329608938557
RIOT,MOMENTUM,2025-10-09,2025-10-10,2025-10-24,0.09777784987653355,0.017514516896715904
NTLA,MOMENTUM,2025-10-21,2025-10-22,2025-10-27,0.08022454014315804,-0.4002912937347437
NXT,MOMENTUM,2025-10-15,2025-10-16,2025-10-30,0.13630444329020397,0.12976524320621152
AMD,MOMENTUM,2025-10-17,2025-10-20,2025-11-03,0.12912034522072877,0.07735650149650808
MU,MOMENTUM,2025-10-17,2025-10-20,2025-11-03,0.15,0.13307762247908284
INTC,MOMENTUM,2025-10-21,2025-10-22,2025-11-05,0.13196101864584747,0.03754496208017333
SNDK,MOMENTUM,2025-10-21,2025-10-22,2025-11-05,0.08857252811251735,0.47129023477373266
INSM,MOMENTUM,2025-10-23,2025-10-24,2025-11-07,0.15,0.18614981836402356
CAH,REVERSAL,2025-11-03,2025-11-04,2025-11-07,0.1,-0.045238833876952045
LRCX,MOMENTUM,2025-10-24,2025-10-27,2025-11-10,0.15,0.0583569152326322
NXT,MOMENTUM,2025-10-29,2025-10-30,2025-11-13,0.12929506611194394,-0.11327925746569811
ROIV,MOMENTUM,2025-10-31,2025-11-03,2025-11-17,0.15,0.04697959183673461
EOSE,MOMENTUM,2025-10-31,2025-11-03,2025-11-17,0.06155084523040571,-0.16973367477592827
LMND,REVERSAL,2025-11-07,2025-11-10,2025-11-17,0.1,0.14265297022828413
RVMD,MOMENTUM,2025-11-04,2025-11-05,2025-11-19,0.15,0.1865743174924166
WBD,MOMENTUM,2025-11-04,2025-11-05,2025-11-19,0.15,0.012499121265377779
SNDK,MOMENTUM,2025-11-12,2025-11-13,2025-11-20,0.08062956339458499,-0.19746742209631718
INCY,MOMENTUM,2025-11-06,2025-11-07,2025-11-21,0.15,-0.038988110964332856
CAH,MOMENTUM,2025-11-07,2025-11-10,2025-11-24,0.15,0.02608742637394723
ROIV,MOMENTUM,2025-11-14,2025-11-17,2025-12-02,0.15,-0.02437354085603105
IMVT,MOMENTUM,2025-11-14,2025-11-17,2025-12-02,0.11224826180880162,-0.09982716049382723
RVMD,MOMENTUM,2025-11-18,2025-11-19,2025-12-04,0.15,0.11071799234368362
LITE,MOMENTUM,2025-11-18,2025-11-19,2025-12-04,0.09027085667893325,0.21713580246913589
INSM,MOMENTUM,2025-11-19,2025-11-20,2025-12-05,0.15,0.019839310759366846
REGN,MOMENTUM,2025-11-20,2025-11-21,2025-12-08,0.15,-0.07163884111654983
MDGL,MOMENTUM,2025-11-21,2025-11-24,2025-12-09,0.14066118794545623,-0.059830997414614284
DNLI,MOMENTUM,2025-12-05,2025-12-08,2025-12-11,0.1159609806935812,-0.1238263077704419
ALB,MOMENTUM,2025-12-01,2025-12-02,2025-12-16,0.12436495271497496,0.02086561573279222
AMKR,MOMENTUM,2025-12-01,2025-12-02,2025-12-16,0.13728736306167355,-0.011102091020910197
LITE,MOMENTUM,2025-12-03,2025-12-04,2025-12-18,0.08661751814953236,0.026305627573585344
RVMD,MOMENTUM,2025-12-03,2025-12-04,2025-12-18,0.15,-0.03411009174311941
SOLV,MOMENTUM,2025-12-05,2025-12-08,2025-12-22,0.15,-0.024033898305084622
PL,REVERSAL,2025-12-16,2025-12-17,2025-12-22,0.06991207836342307,-0.25573514615317916
KRYS,MOMENTUM,2025-12-08,2025-12-09,2025-12-23,0.15,0.0777817933856122
ARWR,MOMENTUM,2025-12-10,2025-12-11,2025-12-26,0.10068465904276985,-0.011319401299068053
WBD,MOMENTUM,2025-12-15,2025-12-16,2025-12-31,0.15,-0.004768166089965329
AMKR,MOMENTUM,2025-12-15,2025-12-16,2025-12-31,0.1249936031419496,-0.021860973187686317
MDB,MOMENTUM,2025-12-22,2025-12-23,2026-01-02,0.15,-0.08774108388808821
DG,MOMENTUM,2025-12-17,2025-12-18,2026-01-05,0.15,0.014461808604038675
PAAS,MOMENTUM,2025-12-17,2025-12-18,2026-01-05,0.14265651074447672,0.05953846153846154
CVNA,MOMENTUM,2025-12-19,2025-12-22,2026-01-07,0.12743229221889857,0.03764574828755274
GOLD,MOMENTUM,2025-12-24,2025-12-26,2026-01-12,0.15,0.23221913847932907
AA,MOMENTUM,2025-12-30,2025-12-31,2026-01-15,0.15,0.1987903650733911
WBD,MOMENTUM,2025-12-30,2025-12-31,2026-01-15,0.15,-0.013450381679389388
ECHO,MOMENTUM,2025-12-31,2026-01-02,2026-01-16,0.15,0.09685897664467813
DLTR,MOMENTUM,2026-01-02,2026-01-05,2026-01-20,0.15,0.04070047444971614
COHR,MOMENTUM,2026-01-02,2026-01-05,2026-01-20,0.1190408889155973,0.036098304357158106
MNTS,REVERSAL,2026-01-09,2026-01-12,2026-01-20,0.020467973490167428,0.20369678548401954
LUNR,MOMENTUM,2026-01-06,2026-01-07,2026-01-22,0.0835679092126924,0.10487432867883983
FORM,MOMENTUM,2026-01-21,2026-01-22,2026-01-23,0.15,-0.09829629629629622
RKLB,MOMENTUM,2026-01-15,2026-01-16,2026-01-26,0.1015569706338969,-0.16627829698857732
RVMD,MOMENTUM,2026-01-22,2026-01-23,2026-01-26,0.143838403531579,-0.1707494686729576
HL,MOMENTUM,2026-01-09,2026-01-12,2026-01-27,0.11097375210421569,0.15539983646770228
ALB,MOMENTUM,2026-01-14,2026-01-15,2026-01-30,0.15,-0.020126366670502938
CENX,MOMENTUM,2026-01-14,2026-01-15,2026-01-30,0.14390006011224693,-0.06716807589193652
AG,MOMENTUM,2026-01-23,2026-01-26,2026-01-30,0.11904307144432047,-0.1917356143079315
KLAC,MOMENTUM,2026-01-16,2026-01-20,2026-02-03,0.15,-0.08990321495377407
GOLD,MOMENTUM,2026-01-16,2026-01-20,2026-02-03,0.1443248860387359,0.24459326056003805
CAMT,MOMENTUM,2026-01-26,2026-01-27,2026-02-04,0.13505474111970137,-0.10370523751522531
LRCX,MOMENTUM,2026-01-29,2026-01-30,2026-02-04,0.1417430842191614,-0.10343065193180845
CCJ,MOMENTUM,2026-01-29,2026-01-30,2026-02-05,0.1427537153713207,-0.11635286489991081
ACMR,MOMENTUM,2026-02-02,2026-02-03,2026-02-05,0.11630347421347,-0.11385499673416066
ASML,MOMENTUM,2026-01-23,2026-01-26,2026-02-09,0.15,0.009419676654756516
SOXL,MOMENTUM,2026-01-29,2026-01-30,2026-02-13,0.08743727031294367,0.04331477585369803
TXN,MOMENTUM,2026-02-02,2026-02-03,2026-02-18,0.15,-0.01039216731051029
WDC,MOMENTUM,2026-02-03,2026-02-04,2026-02-19,0.08692620075774193,0.05464229241676244
FCX,MOMENTUM,2026-02-03,2026-02-04,2026-02-19,0.14034067541872447,0.009477529906239958
XOM,MOMENTUM,2026-02-04,2026-02-05,2026-02-20,0.15,0.006214676889375605
DOW,MOMENTUM,2026-02-04,2026-02-05,2026-02-20,0.15,-0.004614379084967422
GILD,MOMENTUM,2026-02-06,2026-02-09,2026-02-24,0.15,-0.02863502109704652
ARRY,MOMENTUM,2026-02-18,2026-02-19,2026-02-26,0.08853894671066229,-0.33594327538883806
DOCN,MOMENTUM,2026-02-19,2026-02-20,2026-02-26,0.1011097148041615,-0.14925758290114732
RIG,MOMENTUM,2026-02-12,2026-02-13,2026-03-02,0.1269935269642189,-0.046342507645259934
FRO,MOMENTUM,2026-02-27,2026-03-02,2026-03-03,0.15,-0.06459464916708724
DVA,MOMENTUM,2026-02-17,2026-02-18,2026-03-04,0.15,0.04564805414551598
NE,MOMENTUM,2026-02-18,2026-02-19,2026-03-05,0.14728135607097265,-0.0033233348037053894
CIEN,MOMENTUM,2026-02-23,2026-02-24,2026-03-05,0.10571662743210322,-0.12864137729792813
LITE,MOMENTUM,2026-02-19,2026-02-20,2026-03-06,0.09055471025350123,-0.16572403671922953
GNRC,MOMENTUM,2026-02-25,2026-02-26,2026-03-06,0.14929290027805198,-0.13142180499253242
KEYS,MOMENTUM,2026-03-03,2026-03-04,2026-03-06,0.15,-0.09667632593380304
VRT,MOMENTUM,2026-02-25,2026-02-26,2026-03-12,0.12860746735099862,0.02172410600624919
ZIM,MOMENTUM,2026-03-02,2026-03-03,2026-03-17,0.15,-0.019914725904693675
TPL,MOMENTUM,2026-03-04,2026-03-05,2026-03-19,0.13357806549135007,0.015599510806214358
ROIV,MOMENTUM,2026-03-04,2026-03-05,2026-03-19,0.15,-0.06660296096904439
LYB,MOMENTUM,2026-03-05,2026-03-06,2026-03-20,0.14850535592776426,0.09053464461332128
KEYS,MOMENTUM,2026-03-05,2026-03-06,2026-03-20,0.13450465298570588,0.016720405241713365
VAL,MOMENTUM,2026-03-05,2026-03-06,2026-03-20,0.10316542236577272,0.05525059993143633
IOVA,MOMENTUM,2026-03-11,2026-03-12,2026-03-26,0.06590441299340326,-0.09536609336609347
TPL,MOMENTUM,2026-03-18,2026-03-19,2026-03-30,0.15,-0.12434282280477726
CF,MOMENTUM,2026-03-16,2026-03-17,2026-03-31,0.11035617317285408,0.0511267742720416
APA,MOMENTUM,2026-03-18,2026-03-19,2026-04-02,0.15,0.10257172884918542
LYB,MOMENTUM,2026-03-19,2026-03-20,2026-04-06,0.1364126970358201,0.07028587015821075
OXY,MOMENTUM,2026-03-19,2026-03-20,2026-04-06,0.15,0.0350614396310327
DELL,MOMENTUM,2026-03-19,2026-03-20,2026-04-06,0.1413783525448999,0.09637001331895734
APA,MOMENTUM,2026-04-02,2026-04-06,2026-04-08,0.14433745205181,-0.1012561599256161
CHRD,MOMENTUM,2026-03-25,2026-03-26,2026-04-09,0.15,-0.07959638763459531
VLO,MOMENTUM,2026-03-27,2026-03-30,2026-04-14,0.15,-0.0606966076637232
DOCN,MOMENTUM,2026-04-02,2026-04-06,2026-04-14,0.09053588188341573,-0.15842586424715732
CF,MOMENTUM,2026-03-30,2026-03-31,2026-04-15,0.12258329055008681,-0.07154713493530496
SEDG,MOMENTUM,2026-04-01,2026-04-02,2026-04-15,0.07779151017211755,-0.2260000000000001
DOW,MOMENTUM,2026-04-02,2026-04-06,2026-04-17,0.15,-0.12428796844181467
APA,MOMENTUM,2026-04-07,2026-04-08,2026-04-22,0.1342301796401238,-0.019806451612903175
DELL,MOMENTUM,2026-04-08,2026-04-09,2026-04-23,0.13692528540890808,0.16707307395569249
ARM,MOMENTUM,2026-04-13,2026-04-14,2026-04-28,0.11154693279465241,0.2301672249100608
MRVL,MOMENTUM,2026-04-14,2026-04-15,2026-04-29,0.14028058797386517,0.16122436849925714
CIEN,MOMENTUM,2026-04-14,2026-04-15,2026-04-29,0.0915836151537911,-0.0027777030435514032
AEHR,MOMENTUM,2026-04-15,2026-04-16,2026-04-30,0.08492338069380571,0.1180989486703774
PL,MOMENTUM,2026-04-16,2026-04-17,2026-05-01,0.07003328511044642,-0.04306029106029097
MPWR,MOMENTUM,2026-04-21,2026-04-22,2026-05-06,0.15,0.08361535833486622
DELL,MOMENTUM,2026-04-22,2026-04-23,2026-05-07,0.14860501641788545,0.0834624304704441
SNDK,MOMENTUM,2026-04-27,2026-04-28,2026-05-12,0.10177841556212687,0.4466157529804957
POWI,MOMENTUM,2026-05-05,2026-05-06,2026-05-12,0.1349235435742258,-0.09557024159529603
STX,MOMENTUM,2026-04-28,2026-04-29,2026-05-13,0.14046693896871598,0.268558060003109
AMKR,MOMENTUM,2026-04-28,2026-04-29,2026-05-13,0.1053115235772298,0.054724028043339645
AMD,MOMENTUM,2026-04-29,2026-04-30,2026-05-14,0.1431410129997865,0.2665830347823632
INTC,MOMENTUM,2026-04-30,2026-05-01,2026-05-15,0.13252189842814383,0.08984902629993963
FLEX,MOMENTUM,2026-05-13,2026-05-14,2026-05-18,0.1300653553473186,-0.0985877437325906
STX,MOMENTUM,2026-05-12,2026-05-13,2026-05-19,0.12381373500759538,-0.10477115066984766
FLNC,REVERSAL,2026-05-12,2026-05-13,2026-05-20,0.047206014301303785,0.12908166343460464
TXN,MOMENTUM,2026-05-06,2026-05-07,2026-05-21,0.15,0.04410152853737204
OSCR,MOMENTUM,2026-05-18,2026-05-19,2026-05-26,0.1250034011709955,-0.10925938009787928
ICHR,MOMENTUM,2026-05-11,2026-05-12,2026-05-27,0.09321106001680549,0.00427729257641918
ON,MOMENTUM,2026-05-11,2026-05-12,2026-05-27,0.14622280494042134,0.19759658053981366
FCEL,MOMENTUM,2026-05-12,2026-05-13,2026-05-28,0.07982350016160399,0.22239759036144569
HUT,MOMENTUM,2026-05-14,2026-05-15,2026-06-01,0.08110779033783455,0.28989030935883675
RKLB,MOMENTUM,2026-05-22,2026-05-26,2026-06-01,0.08795743002483021,-0.14732122905027922
FTNT,MOMENTUM,2026-05-15,2026-05-18,2026-06-02,0.15,0.17475889328063254
CRWD,MOMENTUM,2026-05-29,2026-06-01,2026-06-04,0.15,-0.0826474295869184
PANW,MOMENTUM,2026-05-20,2026-05-21,2026-06-05,0.15,0.07363656492171455
INTC,MOMENTUM,2026-05-26,2026-05-27,2026-06-05,0.0948822513875126,-0.18759579535189286
HIVE,MOMENTUM,2026-06-01,2026-06-02,2026-06-05,0.07488715804269902,-0.17160352422907488
AMD,MOMENTUM,2026-06-03,2026-06-04,2026-06-05,0.12613773656273206,-0.11060091743119271
MNTS,REVERSAL,2026-05-29,2026-06-01,2026-06-08,0.038627183022674615,0.25479661451654273
LUNR,MOMENTUM,2026-05-29,2026-06-01,2026-06-09,0.05112381380995756,-0.2830782517665533
ON,MOMENTUM,2026-05-26,2026-05-27,2026-06-10,0.12648807041800691,-0.11986372007366486
CSCO,MOMENTUM,2026-05-27,2026-05-28,2026-06-11,0.15,0.02488806473364802
FTNT,MOMENTUM,2026-06-04,2026-06-05,2026-06-22,0.15,0.0029073818081282194
AMD,MOMENTUM,2026-06-04,2026-06-05,2026-06-22,0.10748561047644327,0.1807908572408765
PANW,MOMENTUM,2026-06-04,2026-06-05,2026-06-22,0.1310934487917471,0.05074765668075698
HUM,MOMENTUM,2026-06-05,2026-06-08,2026-06-23,0.15,0.006848811730996164
ALAB,MOMENTUM,2026-06-08,2026-06-09,2026-06-24,0.080881256826057,0.16838337723148977
MU,MOMENTUM,2026-06-18,2026-06-22,2026-06-24,0.09485240265793095,-0.1364499661543035
CLOV,MOMENTUM,2026-06-09,2026-06-10,2026-06-25,0.13008458351491894,0.059439672801635986
BBY,MOMENTUM,2026-06-10,2026-06-11,2026-06-26,0.15,0.0059118028534370665
HPE,MOMENTUM,2026-06-23,2026-06-24,2026-07-02,0.10118642375140609,-0.15625641025641035
PANW,MOMENTUM,2026-06-18,2026-06-22,2026-07-07,0.14464709109996476,0.17481564245810066
OKTA,MOMENTUM,2026-06-18,2026-06-22,2026-07-07,0.10674035656314497,0.2785761600828014
CRDO,MOMENTUM,2026-06-22,2026-06-23,2026-07-08,0.06879939086298352,-0.050951306042168354
OSCR,MOMENTUM,2026-06-23,2026-06-24,2026-07-09,0.1118406897934998,0.06795884773662553
CLOV,MOMENTUM,2026-06-24,2026-06-25,2026-07-10,0.11123009905504272,-0.15379270633397302
AMAT,MOMENTUM,2026-06-25,2026-06-26,2026-07-13,0.10494423635941434,-0.08407836130432012
DNLI,MOMENTUM,2026-07-08,2026-07-09,2026-07-14,0.1492010821414913,-0.17358544652701224
HUM,MOMENTUM,2026-07-01,2026-07-02,2026-07-17,0.15,0.006191556395715116
DVA,MOMENTUM,2026-07-06,2026-07-07,2026-07-21,0.15,0.010675515342921662
TGTX,MOMENTUM,2026-07-06,2026-07-07,2026-07-21,0.15,-0.07278883913193246
IMVT,MOMENTUM,2026-07-07,2026-07-08,2026-07-22,0.15,-0.03325775241875473
TECH,MOMENTUM,2026-07-09,2026-07-10,2026-07-24,0.15,0.0022075736325384305
DAVE,MOMENTUM,2026-07-10,2026-07-13,2026-07-27,0.10644963433203827,0.03930300852243551
PANW,MOMENTUM,2026-07-13,2026-07-14,2026-07-27,0.13674685214436083,-0.10279628212757519
HUM,MOMENTUM,2026-07-17,2026-07-20,2026-07-29,0.15,-0.08434555499748864
LCID,REVERSAL,2026-07-22,2026-07-23,2026-07-30,0.052441143889974805,-0.2728194905869324
VLO,MOMENTUM,2026-07-20,2026-07-21,2026-08-04,0.15,-0.021282083862769974
ILMN,MOMENTUM,2026-07-21,2026-07-22,2026-08-05,0.15,0.04515251218106564
BBY,MOMENTUM,2026-07-27,2026-07-28,2026-08-06,0.15,-0.10762199619984358
PYPL,MOMENTUM,2026-07-28,2026-07-29,2026-08-12,0.15,0.012567266495287168
BAX,MOMENTUM,2026-08-07,2026-08-10,2026-08-24,0.1453458070371175,-0.04843628509719233
GRMN,MOMENTUM,2026-08-11,2026-08-12,2026-08-24,0.15,-0.06242325311310415
VEEV,MOMENTUM,2026-08-10,2026-08-11,2026-08-25,0.15,0.041114379913771204
ZBRA,MOMENTUM,2026-08-11,2026-08-12,2026-08-26,0.15,-0.05097322726431808
SNOW,MOMENTUM,2026-08-12,2026-08-13,2026-08-27,0.14975046816246265,-0.02651241923054115
ABNB,MOMENTUM,2026-08-12,2026-08-13,2026-08-27,0.15,-0.005943175066169702
EXPE,MOMENTUM,2026-08-13,2026-08-14,2026-08-28,0.15,-0.011768853888003859
PLTR,MOMENTUM,2026-08-26,2026-08-27,2026-09-02,0.14726889430957485,-0.0905817243048459
PATH,MOMENTUM,2026-08-25,2026-08-26,2026-09-04,0.13404675559653673,-0.095675417661098
ABCL,MOMENTUM,2026-08-21,2026-08-24,2026-09-08,0.08165030538898388,0.0762280867106504
HALO,MOMENTUM,2026-08-21,2026-08-24,2026-09-08,0.15,-0.005037555228276867
ELF,MOMENTUM,2026-08-24,2026-08-25,2026-09-09,0.14346871152027707,-0.055795972392927995
JANX,MOMENTUM,2026-09-04,2026-09-08,2026-09-10,0.15,-0.12376447105788424
U,MOMENTUM,2026-08-26,2026-08-27,2026-09-11,0.14779750389779778,0.008807082087836317
GTLB,MOMENTUM,2026-08-27,2026-08-28,2026-09-14,0.13766154563230068,0.09561533318475601
IOVA,MOMENTUM,2026-09-01,2026-09-02,2026-09-17,0.09709634362235614,0.16041299303944312
CHPT,REVERSAL,2026-09-09,2026-09-10,2026-09-17,0.06688875407178749,-0.12876702394283585
VEEV,MOMENTUM,2026-09-03,2026-09-04,2026-09-21,0.15,-0.0520926969355483
HALO,MOMENTUM,2026-09-04,2026-09-08,2026-09-22,0.15,0.06096740836487857
MPC,MOMENTUM,2026-09-08,2026-09-09,2026-09-23,0.15,-0.02968876426997802
VLO,MOMENTUM,2026-09-09,2026-09-10,2026-09-24,0.15,-0.008667877435591385
SBET,MOMENTUM,2026-09-10,2026-09-11,2026-09-25,0.11099699149323419,0.08245945945945943
PSX,MOMENTUM,2026-09-11,2026-09-14,2026-09-28,0.15,-0.01565439975103089
IOVA,MOMENTUM,2026-09-16,2026-09-17,2026-10-01,0.12118909287048307,0.41815968063872266
CHPT,MOMENTUM,2026-09-18,2026-09-21,2026-10-02,0.0868640229495095,-0.018752391073326373
OKTA,MOMENTUM,2026-09-21,2026-09-22,2026-10-02,0.12929989246868442,0.07362811514596679
GTLB,MOMENTUM,2026-09-23,2026-09-24,2026-10-02,0.14145091871977494,0.021858494446729715
ILMN,MOMENTUM,2026-09-23,2026-09-24,2026-10-02,0.15,-0.005139832055494507
WBD,MOMENTUM,2026-09-24,2026-09-25,2026-10-02,0.15,0.0005923525599482744
P,MOMENTUM,2026-09-25,2026-09-28,2026-10-02,0.1152857520360316,0.0809984544049458
TEM,MOMENTUM,2026-09-30,2026-10-01,2026-10-02,0.09756193167234346,-0.00030065359477138114
