symbol,shares_outstanding,float,market_cap,pe_ratio,pb_ratio,industry,sector,average_volume_30_days
ABT,1730383344.968456,1718528627.38,168712376134.42447,31.514642,3.30097,Medical Specialties,Health Technology,8665028.89148
ABBV,1767120000.0,1765285729.44,464575847999.99994,74.310111,-78.2512,Pharmaceuticals: Major,Health Technology,4211586.46254
ACN,611942158.798869,610584712.644,121739773071.447,14.665222,3.7553,Information Technology Services,Technology Services,6799668.13662
ADBE,389200015.285146,388515008.0,92520627633.5849,13.260177,7.9001,Packaged Software,Technology Services,5541860.06488
AMD,1632480000.0,1624139659.68,1034584200000.0,162.687027,15.3895,Semiconductors,Electronic Technology,22330680.7671
AES,713439000.0,709192611.072,10637375490.0,5.572165,2.1516,Electric Utilities,Utilities,8139929.10304
A,281929000.0,280975798.051,47282312590.0,33.033411,6.42513,Medical Specialties,Health Technology,2461971.99047
ABNB,598785671.583474,404810789.95,97284708062.16702,36.920105,12.288,Hotels/Resorts/Cruise lines,Consumer Services,5021631.36907
AKAM,143717000.0,140505000.0,15653655640.0,39.291512,3.29366,Data Processing Services,Technology Services,5770823.8419
ALB,118005058.449967,117693820.815,12343329113.866549,-2873.35,1.53493,Chemicals: Specialty,Process Industries,2627643.35567
ALGN,71039900.0,68680238.6816,10214116822.0,24.93538,2.41958,Medical Specialties,Health Technology,896972.36588
GOOGL,12230000000.0,5848054668.0,4202105700000.0,17.256711,6.74907,Internet Software/Services,Technology Services,27055296.8789
GOOG,12296243338.160212,5132073742.0,4186010119609.881,17.098461,6.68718,Internet Software/Services,Technology Services,17647417.2776
AMZN,10786313096.724812,9816870501.2,2713081333219.192,20.230684,4.91668,Internet Retail,Retail Trade,34786985.0593
AMGN,540632020.833845,539397196.512,217928767598.1229,25.036651,18.6416,Biotechnology,Health Technology,3257979.72133
APH,2465970000.0,2454165401.61,214416091500.0,43.538777,13.8381,Electronic Components,Electronic Technology,12196939.7295
ADI,484565465.892239,483316275.995,202153443888.2537,49.502777,6.02477,Semiconductors,Electronic Technology,3255844.52078
APA,350351508.421781,348710306.267,15299850372.779177,9.237406,2.18162,Integrated Oil,Energy Minerals,6095523.75707
APO,590543144.350184,426409250.209,67330776603.086235,43.127317,3.34926,Investment Managers,Finance,2890932.43285
AAPL,14594200000.0,14576847496.2,4871398018000.0,38.252725,45.3391,Telecommunications Equipment,Electronic Technology,41997290.5856
AMAT,793597440.015114,789626634.209,428574361505.7621,46.566413,16.7242,Industrial Machinery,Producer Manufacturing,6325682.20842
APP,334651000.0,266635137.159,89683121490.0,20.616132,28.4324,Packaged Software,Technology Services,5247835.26985
APTV,207633333.977712,204416764.83,9038279028.049805,41.301461,1.03647,Electrical Products,Producer Manufacturing,3889815.40867
ARES,330277224.122845,209088980.464,38830693240.12289,53.599927,10.6568,Investment Managers,Finance,2318975.26575
ANET,1261224647.293266,1050260775.48,261521236739.4952,65.372974,17.6723,Computer Peripherals,Electronic Technology,4753967.53616
T,6852390000.0,6843870000.0,166615862850.0,8.03598,1.51347,Wireless Telecommunications,Communications,37806517.5174
ADSK,209000000.0,208227536.0,44324720000.0,27.461851,13.0973,Packaged Software,Technology Services,2312095.1856
AZO,16325400.0,16279395.0228,45585740928.0,18.302393,-18.0444,Specialty Stores,Retail Trade,403400.641332
AXON,81237408.147604,76302065.4752,33581513593.015804,171.187774,9.13826,Aerospace & Defense,Electronic Technology,1053039.66383
BKR,992674060.589716,989915358.954,55589747393.02409,17.994859,2.79136,Contract Drilling,Industrial Services,8288268.44553
BAX,516996000.0,513695497.536,12141651060.0,-12.18,1.95685,Medical Specialties,Health Technology,6890063.99426
BDX,272387000.0,271830240.972,48160745470.0,53.326899,1.97239,Medical Specialties,Health Technology,1817959.8247
BBY,209728000.0,197232405.76,18451869440.0,14.640194,5.81492,Electronics/Appliance Stores,Retail Trade,3365705.52801
TECH,156818240.676796,155962400.992,11356776989.813566,62.510793,5.36058,Biotechnology,Health Technology,3088049.75771
BIIB,147754002.670317,146639343.824,32507358127.49644,38.940247,1.72306,Pharmaceuticals: Major,Health Technology,1043655.02554
BX,1241836863.248396,742585055.625,138744223546.42703,25.068982,15.4191,Investment Managers,Finance,4425754.06368
BA,790370000.780112,789514029.29,152991921051.0063,88.150105,25.0857,Aerospace & Defense,Electronic Technology,8355085.33543
BKNG,751381000.0,749776050.184,119477092810.0,17.587984,-11.1784,Other Consumer Services,Consumer Services,9005321.68706
BSX,1449230000.0,1439785368.09,61729951850.0,17.274239,2.47211,Medical Specialties,Health Technology,21263992.85
BMY,2042714519.606248,2036246865.56,124911992873.92204,13.470943,5.59745,Pharmaceuticals: Major,Health Technology,11716285.5522
AVGO,4773630107.088814,4683026502.599999,1695259259930.4504,45.337793,17.0071,Semiconductors,Electronic Technology,26714500.4229
BRO,334610342.544925,285437387.45,20043159518.44101,18.944473,1.57119,Insurance Brokers/Services,Finance,2306461.97598
CDNS,275393019.559205,274249017.478,96800646375.06056,69.903705,14.109,Packaged Software,Technology Services,2773716.42308
CAH,231559338.871746,231006731.785,52868470454.502686,31.567594,-18.4509,Medical Distributors,Distribution Services,1872181.90719
CCL,1344610091.743119,1248460972.73,34664048165.13761,11.248417,2.45472,Hotels/Resorts/Cruise lines,Consumer Services,26400912.8667
CVNA,1100463836.199239,672521769.972,70160071876.88249,29.580666,11.3826,Specialty Stores,Retail Trade,7706311.27646
CAT,459675000.0,458595223.425,388678196250.0,36.365592,20.037,Trucks/Construction/Farm Machinery,Producer Manufacturing,2330646.38574
CDW,125017427.578591,123617934.753,16654821702.019894,16.021203,6.83889,Information Technology Services,Technology Services,1529429.53179
COR,190827159.597133,189961408.728,58969408858.70604,22.976499,19.33,Medical Distributors,Distribution Services,1324766.62911
CNC,493995013.26447,485185093.17,31116745885.528965,-6.03,1.37914,Managed Health Care,Health Services,4678529.1739
CF,151338131.054653,150464931.078,17419018884.390556,8.530444,3.03323,Chemicals: Agricultural,Process Industries,2569852.03693
CRL,47738900.0,47204892.6646,13846667945.0,-59.81,4.87745,Miscellaneous Commercial Services,Commercial Services,945481.216152
SCHW,1729340000.0,1630167539.02,167227178000.0,17.584376,3.80364,Investment Banks/Brokers,Finance,8447992.90981
CHTR,175115188.030888,142178960.418,19136587748.01544,2.839365,0.768985,Cable/Satellite TV,Consumer Services,3070756.0865
CVX,1975771366.489619,1968848877.69,408530245449.0585,19.815734,2.15065,Integrated Oil,Energy Minerals,9678200.54891
CMG,1373350000.0,1255625649.2,44537740500.0,29.849645,18.6505,Restaurants,Consumer Services,14048354.3577
CIEN,141809000.0,140419555.418,55498370240.0,87.325389,18.1665,Telecommunications Equipment,Electronic Technology,2859809.80908
CI,264240464.994775,260254996.56,71481009388.06155,11.188033,1.67383,Managed Health Care,Health Services,1665407.57743
CSCO,3942590000.0,3932713812.05,442319172100.0,33.717995,8.80464,Telecommunications Equipment,Electronic Technology,18180229.1586
CTSH,450444233.278581,448330516.752,26355492089.129776,12.556602,1.82869,Information Technology Services,Technology Services,6824801.21951
COHR,195832248.231461,187094759.488,66024842491.23706,81.805825,6.05095,Semiconductors,Electronic Technology,6807345.63425
COIN,263837000.0,215759974.367,48282171000.0,-47.64,3.69062,Investment Banks/Brokers,Finance,9843407.15231
CMCSA,3548636483.732719,3513668900.91,76579575318.95206,6.984651,0.852199,Cable/Satellite TV,Consumer Services,31675699.2907
COP,1201340000.0,1200266002.04,152281858400.0,16.79275,2.3301,Oil & Gas Production,Energy Minerals,6791634.85095
CEG,354307405.522941,338587460.60784,91251872292.43344,25.076938,2.85858,Electric Utilities,Utilities,3066926.18663
COO,190155294.025431,188974137.45,10823639335.927534,19.420557,1.29903,Medical Specialties,Health Technology,5535488.28837
GLW,861388269.854133,790086608.3,141465795558.14423,75.309605,11.8436,Electronic Components,Electronic Technology,8397878.52568
CPAY,65659600.0,63147463.704,25911904544.0,23.985801,7.31461,Miscellaneous Commercial Services,Commercial Services,482457.831782
CRWD,1023934805.892743,991244106.54,276534073027.45306,7564.145658,54.1932,Packaged Software,Technology Services,10660723.7241
CVS,1278970253.814554,1277656497.81,110579768144.80632,22.825312,1.38636,Drugstore Chains,Retail Trade,7791888.94862
DHR,702986060.280506,638865240.968,150474166203.04233,38.007138,2.86154,Medical Specialties,Health Technology,4303317.6127
DRI,113542000.0,113180141.646,22753816800.0,19.569401,10.9734,Restaurants,Consumer Services,1327978.02501
DDOG,359075410.0,329367680.73,99593155717.6,566.332993,22.786,Packaged Software,Technology Services,3405663.73607
DVA,63800000.0,62476086.2,11403612000.0,15.070041,-13.7123,Medical/Nursing Services,Health Services,714248.053705
DECK,136182000.0,134444590.044,10778124390.0,11.227791,4.6999,Apparel/Footwear,Consumer Non-Durables,3438471.57285
DE,269625431.803195,249553036.5,185302774261.06375,38.184698,6.61782,Trucks/Construction/Farm Machinery,Producer Manufacturing,1287833.28624
DELL,635812757.272861,292420900.918,357668836850.7607,32.65472,-252.2862,Computer Processing Hardware,Electronic Technology,9102419.34698
DAL,657623014.608344,653733159.955,55319247988.8539,13.970063,2.53493,Airlines,Transportation,7231312.363
DVN,1100000000.0,1082384600.0,52442500000.0,11.283715,1.31249,Integrated Oil,Energy Minerals,12902931.999
DXCM,377361000.0,371116052.811,32215308570.0,33.69385,12.2892,Medical Specialties,Health Technology,4086185.70132
FANG,280024345.889709,213432892.68,51720496685.82925,35.786109,1.36738,Oil & Gas Production,Energy Minerals,3192142.59589
DLR,370999000.0,368591216.49,66238161460.0,86.851834,2.4741,Real Estate Investment Trusts,Finance,1861202.3352
DG,220617000.0,218990611.476,26235773640.0,15.457795,2.82497,Discount Stores,Retail Trade,2364045.63254
DLTR,187630299.362055,187285136.06,21065253709.377914,13.698597,6.14527,Discount Stores,Retail Trade,2819864.31674
DPZ,33084930.315254,32880860.9993,9848391206.941658,16.873512,-2.4713,Restaurants,Consumer Services,741213.252926
DASH,433324000.0,378172105.506,81984900800.0,99.322621,8.26029,Air Freight/Couriers,Transportation,4299152.7291
DOW,722341000.0,720441243.17,20211101180.0,-15.34,1.27389,Chemicals: Specialty,Process Industries,9102418.59189
DHI,279701265.642784,250568462.644,37754076836.462975,12.843199,1.59107,Homebuilding,Consumer Durables,2921432.68419
ETN,388400000.0,387642620.0,169354052000.0,44.372882,8.36263,Electrical Products,Producer Manufacturing,2084481.24154
EBAY,445000007.375578,400288180.0,47361350784.982765,22.027617,10.1496,Internet Retail,Retail Trade,5053405.5862
ECHO,290815841.892351,132743839.074,27418117573.610847,-3.78,1.93394,Specialty Telecommunications,Communications,3400004.47699
EW,576400041.448527,569383482.8,49074699528.92759,50.528127,4.62399,Medical Specialties,Health Technology,3418772.53993
ELV,216869305.454974,216360008.457,83856854340.27478,17.175354,1.86694,Managed Health Care,Health Services,1251525.09899
EOG,524529182.294247,523311568.191,74178916960.0524,10.998141,2.33163,Integrated Oil,Energy Minerals,3321152.92834
EQT,625516000.0,619019390.824,31385265300.0,11.637131,1.24241,Integrated Oil,Energy Minerals,7763292.57508
EQIX,98671700.0,98368679.2093,101287486767.0,66.01152,7.03719,Real Estate Investment Trusts,Finance,503414.739314
ERIE,46570400.0,24899804.7844,10298112552.0,20.186812,4.17341,Property/Casualty Insurance,Finance,192031.783809
EL,362322791.639871,247105505.655,33326450375.035336,184.34556,8.74267,Household/Personal Care,Consumer Non-Durables,2979407.18043
P,333227267.859539,316805240.213,46685140227.12141,191.239083,30.316,Computer Peripherals,Electronic Technology,7481451.4725
EXE,231504000.0,230150859.12,19791276960.0,7.381768,1.03254,Integrated Oil,Energy Minerals,3442911.25925
EXPE,120019000.0,113751203.52,31824238040.000004,16.527895,26.3018,Other Consumer Services,Consumer Services,2416659.02027
XOM,4111912464.900501,4103427129.67,674888192864.1191,21.105935,2.60008,Integrated Oil,Energy Minerals,14101636.6046
FFIV,56627200.0,56319487.7952,25718375424.0,36.169552,6.69167,Packaged Software,Technology Services,551845.164185
FICO,21597635.59048,20877320.04,14276253101.663183,19.106136,-3.8353,Financial Publishing/Services,Commercial Services,945921.034535
FSLR,107470000.0,101525511.89,18769635500.0,10.764176,1.81828,Semiconductors,Electronic Technology,2471939.51263
FLEX,369403000.0,366816070.791,43053919650.0,45.026643,7.83169,Electronic Production Equipment,Electronic Technology,3254318.98614
F,3987595785.900571,3890584010.28,48249909009.3969,-6.99,1.43226,Motor Vehicles,Consumer Durables,48366231.1351
FTNT,733714000.0,607523262.854,132758211160.0,63.75969,85.5811,Information Technology Services,Technology Services,3937345.90548
FOXA,421674000.0,196748112.925,26274506940.0,16.225933,2.24732,Broadcasting,Consumer Services,4895134.35011
FOX,444999562.581937,131910429.835,24875475548.33028,14.561134,2.01675,Broadcasting,Consumer Services,1241891.56658
FCX,1436020000.0,1428480895.0,103450880800.0,35.571795,5.14444,Other Metals/Minerals,Non-Energy Minerals,11357024.4206
GRMN,192853000.0,165291413.505,54259191550.00001,28.993936,6.00714,Telecommunications Equipment,Electronic Technology,822339.450498
IT,63149000.0,61476940.778,11670566690.0,16.581278,-71.1223,Internet Software/Services,Technology Services,1069066.84342
GEHC,451686256.939669,450236788.82375,29036651027.366615,14.773876,2.64591,Medical Specialties,Health Technology,3663971.68873
GEV,266333600.0,265777229.1096,263363980360.0,28.301293,22.0226,Electrical Products,Producer Manufacturing,2123061.20934
GEN,598587034.741573,539142522.204,13165921829.140898,12.764846,4.95934,Packaged Software,Technology Services,11805995.4254
GNRC,59063933.53855,58031994.6031,12805072603.944344,49.975796,4.44548,Electrical Products,Producer Manufacturing,1436678.62118
GM,877452000.0,876113008.248,68691329820.0,39.478463,1.13828,Motor Vehicles,Consumer Durables,7747430.38593
GPC,137860000.0,136156326.12,17544063600.0,509.775641,3.87565,Wholesale Distributors,Distribution Services,939591.386207
GILD,1239960000.0,1237880587.08,179447011200.0,-54.49,15.1849,Biotechnology,Health Technology,5853547.1719
GPN,264618370.70619,218840673.708,20732849344.829983,24.59289,0.901501,Finance/Rental/Leasing,Finance,2454731.26886
GDDY,126648000.0,125390258.712,12310185600.0,14.413439,1840.4,Data Processing Services,Technology Services,2658903.84856
GS,291171414.093256,289755617.769,262887022928.23712,13.929642,2.39754,Investment Banks/Brokers,Finance,2121212.7609
HAL,833130342.314931,829565036.73,26535201402.73056,16.683254,2.41262,Oilfield Services/Equipment,Industrial Services,10521084.2043
HAS,141044472.560569,140088003.768,12631237740.161757,16.094185,17.9371,Recreational Products,Consumer Durables,1751008.66458
HCA,216501500.538511,144671813.727,92454800789.96574,14.285427,-14.0022,Hospital/Nursing Management,Health Services,1481188.97566
HSIC,111447000.0,94488444.351,9461293065.0,24.734818,3.00901,Medical Distributors,Distribution Services,1134908.8732
HPE,1327464723.985754,1322062547.64,92046403961.17218,36.150798,3.47282,Computer Processing Hardware,Electronic Technology,25938597.0243
HLT,225065000.0,220066981.545,71894763600.0,46.925371,-11.4356,Hotels/Resorts/Cruise lines,Consumer Services,1681660.46735
HD,997690000.0,996885861.86,282186639600.0,19.793008,16.9877,Home Improvement Chains,Retail Trade,5049700.61848
HWM,398801408.288817,394368725.686,92266693821.70068,49.880298,16.1389,Aerospace & Defense,Electronic Technology,3455143.94966
HPQ,901791000.0,899376003.702,28970035875.0,12.245987,-315.3967,Information Technology Services,Technology Services,15773818.7364
HUM,120080304.056047,119749780.0,46617575640.638565,36.778605,2.42723,Managed Health Care,Health Services,1037693.26518
IBM,942134382.47939,941212592.948,209742666899.4742,19.762292,6.08751,Information Technology Services,Technology Services,5856277.58135
IDXX,78781114.196041,78482519.631,40862188311.20255,36.434239,25.3554,Medical Specialties,Health Technology,484622.704967
ILMN,151000000.0,150550775.0,41218470000.00001,50.884288,14.5275,Medical Specialties,Health Technology,4053878.1692
INCY,202698000.0,200844529.488,23375133360.0,14.694637,3.65245,Pharmaceuticals: Major,Health Technology,1587241.50353
PODD,69354200.917501,69055838.2316,9133948260.83488,26.107212,6.42162,Medical Specialties,Health Technology,1694417.94577
INTC,5286110000.0,4546858088.719999,630791506300.0,-56.29,6.8742,Semiconductors,Electronic Technology,110592819.708
IBKR,1696143000.0,438574067.064,149769426900.0,35.154073,6.73874,Investment Banks/Brokers,Finance,3857996.08418
INTU,267236000.0,261430030.664,75128056680.0,17.051893,3.97206,Packaged Software,Technology Services,3702294.89785
ISRG,353278041.197288,350806820.39,138463795466.86505,44.922121,7.63474,Medical Specialties,Health Technology,2385450.06102
IQV,164600013.903805,162954658.4,42514537591.21379,32.029225,6.88727,Biotechnology,Health Technology,1632913.08518
JBHT,93914941.060739,73300861.1947,21985957277.024303,33.202903,6.01427,Trucking,Transportation,1236819.96523
JBL,104787087.941559,102760524.207,31906201258.973534,31.221538,24.1191,Industrial Machinery,Producer Manufacturing,1469882.22269
JNJ,2409900000.0,2406947872.5,617175390000.0,29.675004,7.25634,Pharmaceuticals: Major,Health Technology,6553990.68142
KEYS,170245000.0,168898021.56,65442177999.99999,52.979987,9.96856,Electronic Equipment/Instruments,Electronic Technology,1041400.0809
KMI,2226802018.506387,1941444487.2,69175604704.90092,20.042575,2.18536,Oil & Gas Pipelines,Industrial Services,12879018.2671
KKR,897636000.0,691763183.4,81038578080.0,28.783194,2.84382,Investment Managers,Finance,4063567.13162
KLAC,1305010000.0,1303895521.46,270058769400.0,56.516513,42.5842,Semiconductors,Electronic Technology,9431119.0894
LH,81100001.795798,80774059.1,25017728553.96777,25.510221,2.89967,Medical/Nursing Services,Health Services,817008.017935
LRCX,1251424305.351367,1247464261.38,434807374894.33246,60.315559,34.8656,Industrial Machinery,Producer Manufacturing,9454437.12064
LVS,647701125.565549,268882059.233,23462973273.61201,14.115401,40.4082,Casinos/Gaming,Consumer Services,5889569.87579
LEN,240895100.0,206640478.322,19224151665.3,15.094375,0.880693,Homebuilding,Consumer Durables,5558345.31479
LLY,941357024.829326,848416823.39,1076253486487.3684,38.834011,31.7599,Pharmaceuticals: Major,Health Technology,2271806.49518
LYV,235634000.0,159910422.126,39777375540.0,-150.66,477.534,Movies/Entertainment,Consumer Services,2045357.49516
LOW,561054014.968747,560364464.634,101430150096.12492,15.289123,-13.6384,Home Improvement Chains,Retail Trade,3315343.03482
LULU,115826065.188817,100883662.848,10940930117.735653,7.742369,2.20186,Apparel/Footwear,Consumer Non-Durables,7857915.75507
LITE,89700002.629616,87421978.8,97362176854.2378,-13.2,20.7085,Electrical Products,Producer Manufacturing,4823823.4053
LYB,323038000.0,257580163.984,18925181230.0,-52.24,1.77318,Chemicals: Specialty,Process Industries,3626432.38102
MPC,280825000.0,279923832.575,118569931500.0,14.54029,6.2651,Oil Refining/Marketing,Energy Minerals,2976630.76418
MAR,260766293.971081,206845588.818,93617707198.55777,37.204867,-20.7681,Hotels/Resorts/Cruise lines,Consumer Services,1582553.12611
MRVL,876900000.0,872350642.8,238867560000.0,89.660509,12.8831,Semiconductors,Electronic Technology,17744880.4938
MCD,707642000.0,707314361.754,164130485480.0,18.833247,-160.3965,Restaurants,Consumer Services,6046032.68685
MCK,116590362.920273,116515149.22,105271770487.9729,24.14463,-24.685,Medical Distributors,Distribution Services,877188.495389
MDT,1279140000.0,1278024589.92,110466530400.0,21.265387,2.2012,Medical Specialties,Health Technology,13586463.1606
MRK,2467171528.405535,2464616479.05,356037523264.2028,115.338502,8.49511,Pharmaceuticals: Major,Health Technology,9673893.91195
META,2547507716.0,2200404406.41,1854763942788.12,27.425351,7.10183,Internet Software/Services,Technology Services,23478801.8053
MTD,20036600.0,19888709.8554,29790817612.0,33.449318,2322.24,Medical Specialties,Health Technology,208904.832581
MGM,251593000.0,181407358.755,7666038710.0,18.447013,3.05053,Casinos/Gaming,Consumer Services,4759500.80064
MCHP,543009000.0,533310859.26,44157491880.0,121.572731,6.84505,Semiconductors,Electronic Technology,8260581.34142
MU,1129393151.02197,1125797410.41,1213273180348.3718,14.461052,12.0483,Semiconductors,Electronic Technology,26265654.3419
MSFT,7425550000.0,7311545530.85,3845395323000.0,28.838663,8.68854,Packaged Software,Technology Services,21392041.7116
MRNA,399236000.0,365405539.832,75818908760.0,-23.8,11.2134,Biotechnology,Health Technology,14498385.7184
MPWR,49143000.0,47397244.068,70752651390.0,88.2274,18.1626,Semiconductors,Electronic Technology,722514.822287
MS,1570570000.0,1192406584.83,298910882400.0,15.376846,2.80688,Investment Managers,Finance,5493637.97269
MOS,317896000.0,316563379.968,6701247679.999999,-10.44,0.584274,Chemicals: Agricultural,Process Industries,8347147.27379
MSI,165494000.0,164860488.968,74033740900.0,35.239678,27.712,Telecommunications Equipment,Electronic Technology,865329.201561
MSCI,72700000.0,70061935.1,38978832000.0,29.314598,-14.4873,Financial Publishing/Services,Commercial Services,573268.67536
NTAP,196419001.395024,195686553.549,44449620015.69393,31.936486,29.6648,Computer Peripherals,Electronic Technology,2686508.16441
NFLX,4163940000.0,4134230288.099999,279296275500.0,21.126583,9.26086,Internet Software/Services,Technology Services,35247789.0207
NEM,1053692252.768815,1052511974.58,121764676729.96426,14.592199,3.47241,Precious Metals,Non-Energy Minerals,6673505.29084
NWSA,558098188.861732,360393916.244,16011837038.443092,27.960238,1.82861,Publishing: Newspapers,Consumer Services,4514042.6476
NWS,540446000.0,107091289.704,17105115900.0,30.844947,2.01727,Publishing: Newspapers,Consumer Services,1200700.12046
NKE,1483498816.443812,1173264168.44,50275626539.39914,16.234482,3.30021,Apparel/Footwear,Consumer Non-Durables,43325558.5533
NCLH,459188000.0,454096064.268,6952106320.0,9.567745,2.70191,Hotels/Resorts/Cruise lines,Consumer Services,20119526.7666
NRG,210210473.248736,200396976.78,20014139158.012157,25.187791,4.76281,Electric Utilities,Utilities,2880957.64455
NUE,226876000.0,225470049.428,54536452880.0,19.178115,2.46816,Steel,Non-Energy Minerals,1260442.51295
NVDA,24598300000.0,23188248800.0,5755756217000.0,29.574242,24.6707,Semiconductors,Electronic Technology,111142892.277
NVR,2664860.0,2529018.7615,15977461264.599998,15.54416,4.54498,Homebuilding,Consumer Durables,41232.844414
NXPI,252164172.574104,251827361.06,61467538706.66359,20.679997,5.39226,Semiconductors,Electronic Technology,3532670.778
ORLY,808961000.0,804713954.75,68676744095.0,26.999523,-37.7466,Specialty Stores,Retail Trade,6066540.83448
OXY,999637402.213001,995881363.791,58078933068.57536,17.207359,1.73535,Integrated Oil,Energy Minerals,9313627.46119
OMC,274346000.0,271685941.184,20348242820.0,63.560775,2.32515,Advertising/Marketing Services,Commercial Services,3273850.59678
ON,389312000.0,386671686.016,33048695680.0,54.661945,4.57796,Semiconductors,Electronic Technology,12169337.0596
OKE,630409188.205599,629378911.694,55406663551.39009,15.181302,2.41515,Integrated Oil,Energy Minerals,3725238.80427
ORCL,3023740000.0,1802266965.86,430913187400.0,22.31037,6.961,Packaged Software,Technology Services,35750983.1587
PLTR,2403058484.398022,2209969997.6,453673411269.50256,160.84363,46.4025,Packaged Software,Technology Services,23751242.1398
PANW,818000000.0,810095666.0,329907580000.0,1003.583873,11.954,Packaged Software,Technology Services,6303541.5796
PSKY,1121950087.0,901217668.8,10669745327.37,-16.84,0.904723,Cable/Satellite TV,Consumer Services,26187150.7269
PYPL,855461000.0,854395951.055,45151231580.0,9.977701,2.29635,Miscellaneous Commercial Services,Commercial Services,12173518.9179
PFE,5699673830.903272,5694802481.82,158422434129.95645,36.811441,1.85975,Pharmaceuticals: Major,Health Technology,32126389.2131
PSX,399021000.0,398495888.364,105586941915.0,15.059565,3.35088,Oil Refining/Marketing,Energy Minerals,3283194.51045
PTC,108506261.411893,108170824.966,15631412018.997305,13.924014,4.59589,Packaged Software,Technology Services,1726174.33895
PHM,187453000.0,186196877.447,21692061160.0,11.821729,1.66896,Homebuilding,Consumer Durables,1720548.66651
PWR,150343391.563538,148628037.399,101750903976.28688,77.488518,10.5489,Engineering & Construction,Industrial Services,827431.690815
QCOM,1050233830.111483,1042684097.45,194198737525.9143,21.396,7.06514,Semiconductors,Electronic Technology,14741476.4392
DGX,110373359.678048,109846079.298,25751760413.283768,24.750721,3.41489,Services to the Health Industry,Health Services,1135547.39447
Q,209208540.0,208790959.75416,27506738839.2,47.081573,3.79162,Electronic Equipment/Instruments,Electronic Technology,1492239.42682
RL,59535100.0,36690346.0847,21646962360.0,22.909219,7.9574,Apparel/Footwear,Consumer Non-Durables,686453.307952
RDDT,192396510.0,141268060.6992,28445824003.5,34.378851,8.65467,Internet Software/Services,Technology Services,4753913.09031
REGN,102955146.0,99067401.726,75747189566.58,18.169641,2.39724,Pharmaceuticals: Major,Health Technology,742942.598862
RMD,144252301.532896,142878865.212,31568173667.458965,20.987181,4.79434,Medical Specialties,Health Technology,1239020.19052
RVTY,111586397.148799,111062103.73,16902549508.114328,71.965236,2.33904,Medical Specialties,Health Technology,2231993.04325
ROP,98900900.0,98520428.2377,35059380041.0,14.68337,1.87389,Packaged Software,Technology Services,883012.399172
ROST,319453125.002136,312614150.176,73036567969.23837,27.614456,10.8342,Apparel/Footwear Retail,Retail Trade,1926507.3836
RCL,267452064.198674,250036595.568,74320916859.84851,17.153551,7.25685,Hotels/Resorts/Cruise lines,Consumer Services,3273345.86837
CRM,823000021.124678,797068916.0,193084034956.06076,21.389902,5.03283,Packaged Software,Technology Services,12274974.3044
SNDK,146419000.0,144499007.653,251745507650.0,23.318325,15.9582,Computer Peripherals,Electronic Technology,9382856.97263
SLB,1484143161.734484,1481336459.54,72344558418.74742,23.657897,2.7743,Contract Drilling,Industrial Services,13688087.91
STX,227393017.571412,226528451.814,193054397987.95303,61.061285,88.8528,Computer Peripherals,Electronic Technology,4235668.36266
NOW,1034000000.0,1024687796.0,138933410000.0,83.919316,11.1002,Packaged Software,Technology Services,12120061.7943
SWKS,150473000.0,149868098.54,12797728650.0,44.045584,2.23011,Semiconductors,Electronic Technology,7317983.31498
SOLV,170223722.604535,144580197.47688,14959260742.486536,10.737902,3.11343,Medical/Nursing Services,Health Services,867349.407009
LUV,489208190.798279,483927488.848,20776671863.202908,25.764378,2.93373,Airlines,Transportation,6133716.86715
SBUX,1140000000.0,1137559260.0,108003600000.0,54.609929,-14.0665,Restaurants,Consumer Services,6909153.0918
STLD,143328096.675067,133593592.224,33254984990.54905,21.044086,3.53692,Steel,Non-Energy Minerals,1004040.34208
STE,97500104.49508,97167527.1589,20326821785.13428,25.489525,2.82135,Medical Specialties,Health Technology,661876.253009
SYK,383573056.722597,361001263.242,105659034204.80656,28.53842,4.40418,Medical Specialties,Health Technology,3152556.76477
SMCI,656965369.298664,572458278.12,28696247330.96564,13.420778,2.79905,Computer Processing Hardware,Electronic Technology,38323919.2422
SYF,325371000.0,323633518.86,23351876670.0,7.360346,1.53648,Finance/Rental/Leasing,Finance,2910304.00896
SNPS,191637000.0,182020272.066,93911711850.0,86.545596,3.01315,Packaged Software,Technology Services,2328175.76207
TMUS,1072671562.944414,476366310.98,175510521128.96503,17.125037,3.12598,Wireless Telecommunications,Communications,5065113.55337
TTWO,186980439.205383,163763628.3,37912153853.283455,-117.06,10.5062,Packaged Software,Technology Services,2470684.54357
TPR,199750421.284804,198543310.25,23579937981.407257,16.252511,34.2021,Apparel/Footwear Retail,Retail Trade,3215408.34164
TRGP,214431014.152734,211073224.971,60396639446.259056,26.897447,16.5216,Gas Distributors,Utilities,1129591.00382
TEL,289513200.454629,289197430.83,63791338588.17296,21.601168,4.82344,Semiconductors,Electronic Technology,1856281.7774
TDY,46355700.0,45960193.1676,28599149115.000004,29.817569,2.62024,Aerospace & Defense,Electronic Technology,273730.834516
TER,156341000.0,155192049.991,70204926050.0,61.607694,20.4296,Electronic Production Equipment,Electronic Technology,2506926.22565
TSLA,3949550000.0,2821929777.7,1464098185000.0,344.318499,16.8489,Motor Vehicles,Consumer Durables,39333831.589
TXN,913248000.0,910350264.096,268321394880.0,44.695967,14.8964,Semiconductors,Electronic Technology,5789903.06219
TPL,68974700.0,68694593.7433,23472780157.0,43.370007,14.0304,Investment Trusts/Mutual Funds,Miscellaneous,394110.565324
TMO,369747278.777337,368770498.173,242180770126.368,35.222859,4.59596,Medical Specialties,Health Technology,2288338.03432
TJX,1099974034.358859,1098090000.0,145999553580.45135,24.539923,13.7173,Apparel/Footwear Retail,Retail Trade,9155501.72851
TKO,189269711.650761,59774831.1379,33228190577.407604,60.739613,3.84298,Movies/Entertainment,Consumer Services,1204776.49965
TSCO,521040136.022691,519248664.48,16199137828.945463,16.233292,6.16521,Specialty Stores,Retail Trade,9735978.43555
TDG,55276524.079509,54588749.787,60248647420.46083,33.064362,-6.1439,Aerospace & Defense,Electronic Technology,395526.420086
TRMB,233180000.0,232102708.4,13417177200.0,-117.36,2.62457,Packaged Software,Technology Services,2381017.51885
TYL,40952300.0,40735703.2853,13221654816.5,42.778956,4.35028,Data Processing Services,Technology Services,724592.597293
UBER,2042560170.521509,1962156668.16,139084049691.3211,14.970876,5.08654,Other Transportation,Transportation,18930858.2551
ULTA,42757500.0,42636539.0325,23254949100.0,19.80865,8.80292,Specialty Stores,Retail Trade,499987.294787
UAL,324584000.0,321752978.352,36509208320.0,10.515543,2.18715,Airlines,Transportation,3880785.08544
URI,62242500.0,61953881.5275,67262668837.5,25.973115,7.30591,Finance/Rental/Leasing,Finance,488932.475056
UNH,897595000.0,895447952.76,333788652650.0,23.914861,3.41879,Managed Health Care,Health Services,5106405.61337
UHS,58936545.0,48791370.7514,10357744164.48,7.155772,1.3783,Hospital/Nursing Management,Health Services,778937.121117
VLO,287927463.063703,286746211.373,116990686792.0438,16.853886,4.67927,Oil Refining/Marketing,Energy Minerals,3908629.72102
VEEV,161909000.0,147604177.941,44241634250.0,44.969645,5.95231,Packaged Software,Technology Services,1510327.07449
VRSN,90300001.090972,89585727.0,26018139314.341763,31.293551,-11.563,Internet Software/Services,Technology Services,747497.781408
VZ,4154780000.0,4152490716.22,190829045400.0,11.958333,1.83591,Wireless Telecommunications,Communications,21268212.3025
VRTX,253461000.0,252881588.154,127888816770.0,29.364401,6.31533,Pharmaceuticals: Major,Health Technology,1000444.31532
VRT,384988140.947505,383730244.204,97128658079.64601,57.062045,20.4039,Electronic Production Equipment,Electronic Technology,5271932.28463
VTRS,1148590752.061856,1124863576.37,20226683143.809284,-49.27,1.42578,Pharmaceuticals: Major,Health Technology,8980353.1286
VST,335635202.368515,332457207.82,46982215627.54473,23.635259,15.6491,Electric Utilities,Utilities,5167380.39134
DIS,1726690000.0,1723839234.81,176441817650.0,21.077926,1.6067,Movies/Entertainment,Consumer Services,8550108.08751
WBD,2510703503.65105,2395963520.7,77668612885.44524,-24.3,2.36304,Cable/Satellite TV,Consumer Services,49056538.282
WAT,98248103.835217,98113991.3435,41776076231.77262,106.17509,2.74868,Medical Specialties,Health Technology,694880.41367
WST,70375800.0,69846644.3598,25679425662.0,46.658315,8.59294,Medical Specialties,Health Technology,620316.298728
WDC,360541000.0,357800527.859,149667779920.0,17.106456,16.9133,Computer Peripherals,Electronic Technology,7646671.4085
WSM,117779178.293843,115440733.513,27341376228.31101,23.764949,12.7784,Specialty Stores,Retail Trade,1151860.85872
WMB,1223170000.0,1217199707.23,86288527650.0,28.158557,6.55799,Oil & Gas Pipelines,Industrial Services,7491474.43037
WDAY,241000000.0,193980808.0,44854920000.0,37.776515,6.94423,Information Technology Services,Technology Services,2497459.54055
WYNN,102974000.0,77842989.352,7814696860.0,18.174415,-46.3047,Casinos/Gaming,Consumer Services,2351544.94224
YUM,272901101.492428,272503110.342,37160942990.22392,17.119213,-5.2288,Restaurants,Consumer Services,2287633.12649
ZBRA,47310700.0,46849231.4322,17787876986.0,34.393902,5.18533,Computer Processing Hardware,Electronic Technology,545702.949699
ZBH,190738000.0,190403445.548,16838350640.0,21.485934,1.33303,Medical Specialties,Health Technology,2162041.11716
ZTS,413224000.0,412259948.408,28793448320.000004,11.464434,9.16848,Pharmaceuticals: Major,Health Technology,4621974.29325
ARM,1068000017.103373,1064102868.0,328367285258.603,315.439064,38.0532,Semiconductors,Electronic Technology,5861326.75591
ALAB,173485108.860333,142724283.4339,60775303335.95185,172.491384,35.2187,Semiconductors,Electronic Technology,4176188.49426
CRDO,187951922.105914,169365542.58312,41105085364.56339,78.024409,15.0463,Information Technology Services,Technology Services,9054131.84113
AAOI,84906300.0,80529465.1413,9809224839.0,-148.34,5.84774,Semiconductors,Electronic Technology,7451017.97088
SITM,30071036.014259,22573788.493,21348330597.602886,1437.859749,18.349,Semiconductors,Electronic Technology,469379.753572
NVTS,261093472.029703,225742313.265,3234948118.44802,-9.33,4.03961,Semiconductors,Electronic Technology,14121402.8936
INDI,231809147.0,214931386.605,690791258.06,-4.05,2.30225,Semiconductors,Electronic Technology,5124524.69084
AEHR,32659544.458661,31184335.704,3501103165.96846,-448.39,15.8634,Electronic Production Equipment,Electronic Technology,2698311.69034
ACMR,69649208.0,58180215.6402,5808047455.12,39.606688,3.1217,Industrial Machinery,Producer Manufacturing,1123880.39175
CAMT,46668200.0,28927097.0972,7718453597.999999,273.448105,10.8554,Electronic Components,Electronic Technology,384840.639286
ASML,386115287.147289,385262667.549627,721356024060.051,58.076305,28.842,Semiconductors,Electronic Technology,1369011.99149
TSM,5186480000.0,5182170035.12,2452790121600.0,34.121943,12.1436,Semiconductors,Electronic Technology,10053690.2755
AMKR,248452471.493384,60802415.7,13923276502.48924,25.137985,2.9873,Semiconductors,Electronic Technology,3891586.61353
RMBS,108462000.0,107437359.486,12142320900.0,51.251888,8.28035,Semiconductors,Electronic Technology,2612811.27279
POWI,55873300.0,54919263.4025,3042859918.0,121.888988,4.4641,Semiconductors,Electronic Technology,771124.434005
ONTO,49074247.405361,48771559.4086,16083593844.633013,122.668413,8.35903,Electronic Equipment/Instruments,Electronic Technology,841607.670814
FORM,78120730.335489,77506358.8152,11653269344.144894,102.255588,10.4842,Semiconductors,Electronic Technology,1265003.6522
ICHR,37454227.544814,36620094.966,2357369081.670593,-53.64,2.71772,Industrial Machinery,Producer Manufacturing,707885.026162
SOXL,156550060.0,,25622548320.2,,,Investment Trusts Or Mutual Funds,Miscellaneous,60837890.5348
AI,160779992.0,142616313.76,1772599411.8,-3.57,2.53197,Packaged Software,Technology Services,5105250.41544
SOUN,449877388.0,404963199.53122,2631782719.8,-9.47,5.18973,Packaged Software,Technology Services,19466558.5767
BBAI,479495000.0,473764555.255,1270661750.0,-12.16,1.64952,Packaged Software,Technology Services,15114194.3003
SNOW,352800000.0,341931643.2,120304800000.0,-107.43,55.9163,Packaged Software,Technology Services,5254989.99707
MDB,80556347.152645,77601494.916,28831116645.931644,505.165114,9.68594,Packaged Software,Technology Services,3107202.97165
NET,356079940.0,319554442.119,124243412664.8,-598.95,76.6934,Information Technology Services,Technology Services,3107536.24352
ZS,163055000.0,105737254.18,32050090800.0,-497.34,12.3377,Packaged Software,Technology Services,3786984.59471
OKTA,174821000.0,166258503.64,36978137920.0,127.76536,5.30217,Packaged Software,Technology Services,3877405.15552
GTLB,166615011.771772,145008452.0,8297427586.234245,-159.35,8.99729,Packaged Software,Technology Services,4276452.39228
S,348049115.281719,324605323.552,8720370583.38347,-24.81,5.98664,Packaged Software,Technology Services,9065740.55845
U,440089000.0,359350712.149,19192281290.0,-32.03,6.3245,Packaged Software,Technology Services,10153388.5345
DUOL,46786016.183394,39742302.319,6755432876.720259,17.302503,4.78163,Packaged Software,Technology Services,1120084.6246
RBLX,714376000.0,633379892.529,31511125360.0,-31.16,207.331,Packaged Software,Technology Services,11832045.625
ASAN,228970363.0,89852104.122,1973724529.06,-13.2,19.0603,Packaged Software,Technology Services,9141329.02221
PATH,521155706.0,399629629.92,6832351305.66,19.520905,3.50794,Packaged Software,Technology Services,52686332.2404
TWLO,153575216.480234,153029501.6,45237115766.417725,40.990176,5.039,Packaged Software,Technology Services,2637619.86964
SHOP,1286643884.0,1204897454.8583,194785017598.76,102.124933,15.3873,Miscellaneous Commercial Services,Commercial Services,10260869.268
TOST,581000000.0,483450204.0,17305085000.0,38.06056,8.40531,Packaged Software,Technology Services,8415485.21067
BILL,85276800.0,73245181.5648,3719774016.0,-358.72,1.13742,Packaged Software,Technology Services,1788773.33605
HUBS,49866200.381697,47910148.4388,10698793291.893091,75.937135,6.43022,Packaged Software,Technology Services,1776211.38207
ESTC,104991280.65215,91445376.153,9863405860.866232,26.30562,7.61467,Packaged Software,Technology Services,2030874.50167
DOCN,117580000.0,96735770.34,16471782200.0,63.85685,15.8023,Packaged Software,Technology Services,2740959.71072
IOT,585605215.10989,366849781.96104,24074230393.167576,267.012987,15.0234,Packaged Software,Technology Services,7673048.35259
KVYO,284727443.174799,114708480.46623,4473068132.276093,741.037736,4.69517,Packaged Software,Technology Services,6408122.85858
DJT,277941280.0,159117213.6808,2476456804.8,-1.89,2.42095,Advertising/Marketing Services,Commercial Services,3174953.3607
TTD,469880629.0,415588439.74,5610374710.26,14.182293,2.18005,Packaged Software,Technology Services,25954753.3275
IONQ,405138108.456467,399027303.546,17734920697.681843,-9.63,5.01271,Computer Processing Hardware,Electronic Technology,24273326.8225
RGTI,333769000.0,326878672.764,5093314940.0,-17.08,9.46829,Computer Processing Hardware,Electronic Technology,16850613.4435
QBTS,379627096.0,365925430.04,5986719303.92,-22.26,5.41645,Computer Processing Hardware,Electronic Technology,16243386.052
QUBT,226347000.0,200657520.888,1849254990.0,-129.23,1.16298,Information Technology Services,Technology Services,6878661.04133
ARQQ,17402411.273486,5928701.8392,430013582.567839,-7.74,14.321,Packaged Software,Technology Services,356864.916139
CRWV,551536612.0,370511365.448,49423195801.32,-24.47,9.82894,Packaged Software,Technology Services,30138773.4153
NBIS,271855214.814018,222956209.6,66009164708.991714,918.343419,6.38356,Packaged Software,Technology Services,15372309.3347
APLD,299094360.0,269793880.11696,7588023913.200001,-28.54,4.2542,Data Processing Services,Technology Services,16249090.1565
IREN,394058682.238622,345285615.86862,16465742037.340818,-21.08,3.79321,Data Processing Services,Technology Services,36207476.6413
CIFR,415031000.0,341325229.679,6524287320.0,-5.7,11.5788,Data Processing Services,Technology Services,35308381.8047
WULF,498969000.0,348791805.225,7734019500.0,-3.52,52.4729,Data Processing Services,Technology Services,28133212.9858
HUT,123259466.18805,112388912.049,11047745954.43492,-16.75,7.65382,Data Processing Services,Technology Services,4590658.72933
CORZ,321340458.960245,308383360.3751,5289263954.485633,-3.71,-2.173,Packaged Software,Technology Services,11342007.9728
MARA,386299289.830508,377835188.91,4340072521.245757,-1.23,2.58263,Data Processing Services,Technology Services,45919693.723
RIOT,375259000.0,347360744.904,7400107480.0,-5.3,3.4016,Information Technology Services,Technology Services,16366822.6364
CLSK,256817080.990415,245331630.126,3274417782.627791,-3.38,4.29748,Data Processing Services,Technology Services,17633821.0533
BTDR,271782245.488722,155731430.598,2995040345.285717,-5.45,2.71582,Data Processing Services,Technology Services,10213916.9972
HIVE,274298013.69863,270880079.355,817408080.821917,-2.32,1.90733,Information Technology Services,Technology Services,12748390.1435
BTBT,360634000.0,303157595.616,586030250.0,-1.89,1.4978,Miscellaneous Commercial Services,Commercial Services,27585186.6826
GLXY,390889100.347524,186007753.728,9009993763.010427,-38.32,2.46361,Investment Banks/Brokers,Finance,5026180.73085
ASTS,389167501.01683,187700591.001,22746840434.43372,-27.31,9.24981,Specialty Telecommunications,Communications,10176860.6204
RKLB,598460000.0,589338272.68,44238163200.0,-264.38,12.662,Aerospace & Defense,Electronic Technology,21178809.2668
LUNR,228924069.679715,152730796.76172,3367473064.988608,-15.59,-8.5801,Aerospace & Defense,Electronic Technology,7679186.34684
RDW,249993000.0,240601512.969,2718673875.0,-7.45,1.65674,Aerospace & Defense,Electronic Technology,13395981.2643
PL,363847971.251549,284667320.644,6366284337.785478,-15.91,11.2767,Packaged Software,Technology Services,13386870.3855
BKSY,40924845.673759,35479796.2848,896663368.71206,-12.03,4.21007,Packaged Software,Technology Services,1003798.54684
ACHR,770024000.0,644614811.264,3765417360.0,-4.52,1.98982,Aerospace & Defense,Electronic Technology,23755495.3768
JOBY,993874446.14094,640075727.354,5908583582.307888,-6.07,3.32243,Aerospace & Defense,Electronic Technology,24987143.7374
KTOS,187721323.003269,185335629.253,8087034594.980827,247.671075,2.35734,Aerospace & Defense,Electronic Technology,4143580.12956
AVAV,50820700.0,38091740.9124,7153521732.0,-34.38,1.62803,Aerospace & Defense,Electronic Technology,2295769.11661
SPCE,151596000.0,150617144.628,459335880.0,-0.9,1.08068,Aerospace & Defense,Electronic Technology,5694779.6717
MNTS,21963401.595745,21863774.0176,81703853.936171,-0.15,0.660533,Aerospace & Defense,Electronic Technology,615576.655736
OKLO,186018000.0,157317282.78,6668745300.0,-38.17,2.02813,Industrial Machinery,Producer Manufacturing,9987899.4433
SMR,429723265.08344,403401468.69,3328206688.071243,-3.4,1.54288,Electrical Products,Producer Manufacturing,37449226.4066
NNE,53698147.0,44819265.789844,839839019.08,-22.49,1.36156,Electrical Products,Producer Manufacturing,1910754.54689
LEU,20453107.253253,19685177.0009,2847686122.870415,63.544281,3.28701,Other Metals/Minerals,Non-Energy Minerals,745710.10217
CCJ,435533000.0,434453313.693,37098700940.0,144.790073,7.37811,Other Metals/Minerals,Non-Energy Minerals,2911148.4029
UEC,495585000.0,486421137.765,4606462575.0,-33.21,3.35167,Other Metals/Minerals,Non-Energy Minerals,9385400.56862
TLN,47300000.0,43978877.8,15175259000.0,-73.57,9.50804,Alternative Power Generation,Utilities,859688.453273
BWXT,91622000.0,91263574.736,12362556460.0,34.911595,9.25931,Aerospace & Defense,Electronic Technology,1165365.05112
FLNC,184596375.429326,110704825.05725,1403855435.140024,-11.87,2.91866,Electrical Products,Producer Manufacturing,8707777.04147
EOSE,364168000.0,356646474.128,1168979280.0,-0.47,-1.0606,Electrical Products,Producer Manufacturing,27310651.6012
BE,294527337.841343,276931957.02,85192032470.60846,393.991007,52.62,Electronic Production Equipment,Electronic Technology,17688323.421
PLUG,1397200000.0,1333824405.2,2647694000.0,-1.54,4.56226,Electronic Production Equipment,Electronic Technology,48047020.3438
FCEL,79954200.0,76110801.606,1478353158.0,-5.38,1.51328,Electronic Equipment/Instruments,Electronic Technology,6110670.75163
NVAX,164946000.0,156742740.582,1726984620.0,-6.87,-9.0399,Biotechnology,Health Technology,5220829.94412
BNTX,251204366.0,250133984.196474,24359287371.02,-12.35,1.19897,Biotechnology,Health Technology,853540.563403
VKTX,127165249.688627,123109453.82,3807327575.677493,-6.42,8.55363,Pharmaceuticals: Major,Health Technology,7818419.44151
SRPT,105627017.586796,100445361.888,1847944672.680996,-6.04,1.20985,Pharmaceuticals: Major,Health Technology,2848686.87346
ALNY,133809110.796782,133379606.919,29423285373.104397,37.096692,21.6998,Pharmaceuticals: Major,Health Technology,1410122.55207
INSM,218382000.0,215151911.838,24268791660.0,-27.07,32.0206,Pharmaceuticals: Major,Health Technology,2285070.17515
RARE,98588900.0,89923231.4567,1500030113.5,-2.61,-5.1413,Pharmaceuticals: Major,Health Technology,7076985.25197
IOVA,452971412.719606,393406672.413,6438988631.809199,-19.71,8.74812,Biotechnology,Health Technology,18255301.5107
CRSP,96692700.0,89772693.5391,5359676361.0,-11.64,3.06771,Biotechnology,Health Technology,1616221.53255
NTLA,140127000.0,133939692.315,1719358290.0,-3.65,2.35895,Biotechnology,Health Technology,4436065.30764
BEAM,103288000.0,95226061.736,2529523120.0,-28.49,2.37014,Biotechnology,Health Technology,1999950.06366
EDIT,153580026.587302,138524706.18,402379669.658731,-3.52,3.82075,Biotechnology,Health Technology,3057378.24977
ARWR,141254467.556722,132966627.82,9065711727.79042,-28.62,19.4605,Biotechnology,Health Technology,2296877.54421
AXSM,52380818.289669,44182628.6112,9385595021.142893,-47.68,112.537,Biotechnology,Health Technology,714915.65787
ACAD,172306000.0,170043105.302,3437504700.0,8.984868,2.62821,Pharmaceuticals: Major,Health Technology,2291885.01364
TGTX,153069050.727341,141641327.667,8310118763.987343,19.774176,13.7574,Pharmaceuticals: Major,Health Technology,1782458.35708
EXEL,247782000.0,239913187.026,14469229890.0,18.33972,7.88192,Pharmaceuticals: Major,Health Technology,2123966.37597
HALO,113498004.14251,112264844.23,12467755755.054722,32.823424,87.2812,Biotechnology,Health Technology,2517405.2286
SMMT,797750000.0,152343126.5,13370290000.000002,-14.97,21.0938,Biotechnology,Health Technology,7784063.00104
KRYS,29598837.576466,25969306.3476,9542665234.652636,40.389002,7.01789,Biotechnology,Health Technology,287079.188463
CYTK,139023434.516916,134146073.16,9119937304.309689,-9.08,-52.4695,Pharmaceuticals: Major,Health Technology,2077149.78561
MDGL,23104125.002501,21532235.6606,11539124191.2491,-38.76,22.0214,Pharmaceuticals: Major,Health Technology,231347.440479
RVMD,214336406.119773,193040646.72,44305478509.01828,-23.44,16.9866,Pharmaceuticals: Other,Health Technology,2033077.01455
RXRX,536271121.867322,481413252.946,2214799733.31204,-3.98,2.405,Biotechnology,Health Technology,21067661.3479
TEM,180434749.0,108199560.1788,13839345248.3,-53.21,31.0115,Packaged Software,Technology Services,6837153.76316
HIMS,233313623.0,211872166.992,6763761930.77,-46.55,20.877,Medical/Nursing Services,Health Services,9701641.75513
OSCR,308693000.0,251461308.756,9547874490.0,22.597137,4.65351,Managed Health Care,Health Services,5449068.87018
CLOV,531157199.054373,410334778.263,2329124317.853426,-108.96,5.74328,Life/Health Insurance,Finance,4132657.91716
IMVT,206553000.0,84826979.487,6944311859.999999,-11.97,9.42989,Biotechnology,Health Technology,1534329.11923
ROIV,722323008.366197,524071340.128,25806434119.89912,-81.44,6.1007,Pharmaceuticals: Major,Health Technology,8697675.72813
BCRX,255535106.896552,219658908.14,2089766104.200002,-5.43,-4.5907,Biotechnology,Health Technology,5776723.71434
DNLI,159847405.552849,149709183.566,3198546585.112509,-7.05,3.82566,Biotechnology,Health Technology,1787892.35859
PCVX,148805283.371989,145395877.45,8403034352.016219,-7.33,2.96508,Biotechnology,Health Technology,1459655.80406
RNA,17105642.383292,16599109.729096,134108236.285009,,0.625005,Biotechnology,Health Technology,449165.625627
JANX,61136800.0,57830155.0352,1036880128.0,-10.3,1.1143,Biotechnology,Health Technology,956865.970385
KURA,88960614.2723,86489096.6108,947430541.999995,-3.17,19.561,Biotechnology,Health Technology,1856462.3566
GERN,642473406.61157,633288205.992,767755720.900826,-11.47,3.52661,Biotechnology,Health Technology,10837460.0429
ABCL,324047342.55931,253593673.401,4450790250.052123,-25.22,4.69956,Biotechnology,Health Technology,4764779.55666
NVCR,116446000.0,104670514.696,1739121010.0,-11.41,5.1455,Medical Specialties,Health Technology,1123084.58882
TMDX,34675143.324008,33335011.4103,2768775519.278715,20.757785,5.33396,Medical Specialties,Health Technology,738658.732511
MSTR,384226250.0,363587034.36,61487726787.5,-1.65,1.92514,Internet Software/Services,Technology Services,23837268.905
HOOD,899082312.397661,760928402.79,101362539899.71228,49.924719,10.6913,Investment Banks/Brokers,Finance,23826675.988
SOFI,1291570366.729798,1267806403.57,20348691127.82797,33.248999,1.83711,Finance/Rental/Leasing,Finance,44991282.8068
CRCL,255112902.74997,193068819.7476,20720269961.35256,48.898652,5.84032,Packaged Software,Technology Services,14477177.909
UPST,97313100.0,83237343.9636,2219225245.5,41.533139,2.7832,Finance/Rental/Leasing,Finance,4403533.28783
AFRM,337421294.0,283850364.61,23879304976.38,12.793073,4.35133,Finance/Rental/Leasing,Finance,4034654.00985
LMND,77396608.853721,68572845.8238,3598942311.698026,-25.49,7.19704,Multi-Line Insurance,Finance,1090938.03072
ROOT,15487015.602683,10443345.244,717978043.340384,13.801128,2.18673,Insurance Brokers/Services,Finance,211327.299669
RKT,2103061913.0,1836303778.82,24605824382.1,77.844311,1.40653,Finance/Rental/Leasing,Finance,37122297.0293
UWMC,1606515757.5,330650740.167,2040275012.025,-15.14,3.22201,Finance/Rental/Leasing,Finance,11748585.8481
NU,4830484621.896163,3598933792.2426,64849256048.956,18.068075,4.89644,Regional Banks,Finance,76536616.9643
FUTU,140194488.527671,90437382.795919,14309651444.01938,10.097446,2.88932,Investment Banks/Brokers,Finance,932421.350388
TIGR,179845348.009368,173170463.247861,748156647.718971,7.023468,0.843302,Investment Banks/Brokers,Finance,2090302.72332
DAVE,12755507.140964,10121153.9712,4425650757.628869,22.480168,21.2641,Major Banks,Finance,313349.301446
BTCS,52471944.594595,41733525.665,75821959.93919,-0.54,1.93157,Regional Banks,Finance,1964190.36279
SBET,217224000.0,202790985.768,2031044400.0,-1.13,1.43833,Advertising/Marketing Services,Commercial Services,8838384.37974
BMNR,603226400.0,600171661.5104,15846757528.0,-3.08,1.31276,Financial Conglomerates,Finance,40797442.5095
RIVN,1447860600.0,942854790.857,20711645883.0,-5.54,3.81445,Motor Vehicles,Consumer Durables,23941296.6257
LCID,394070208.830549,157823064.65,1625539611.426015,-0.3,-1.5383,Motor Vehicles,Consumer Durables,10904619.9532
NIO,2491123228.235294,2344734160.32218,8407540895.294117,-12.25,14.1223,Motor Vehicles,Consumer Durables,34936530.5845
XPEV,982735644.373673,779723417.00355,9090304710.456474,-19.47,2.22321,Motor Vehicles,Consumer Durables,7012790.57603
LI,1122238580.485612,809972179.69773,12019175197.000904,-16.19,1.09419,Motor Vehicles,Consumer Durables,3168322.35035
QS,619113554.684096,503425197.576,2826253377.132898,-6.83,2.69981,Electrical Products,Producer Manufacturing,11124236.5657
LAZR,33296112.0,,1610199976.32,464.09705,8.495316,Investment Trusts Or Mutual Funds,Miscellaneous,109677.201216
PSNY,165113456.289308,163187209.32739,1028656832.682389,-0.33,-0.2174,Motor Vehicles,Consumer Durables,337062.729657
CHPT,26850322.647059,23606515.257,249681150.295002,-1.29,-6.9112,Electrical Products,Producer Manufacturing,4292214.81381
BLNK,145212194.339623,139492772.136,81275265.171887,-1.38,1.68682,Electrical Products,Producer Manufacturing,1093082.28217
RUN,240847000.0,232390620.983,1859338840.0,5.184239,0.530466,Semiconductors,Electronic Technology,7541437.11164
ENPH,132145000.0,128115238.225,4425536050.0,33.16817,3.74199,Electrical Products,Producer Manufacturing,4763357.33663
SEDG,61525800.0,60464233.8468,2035888722.0,-7.34,4.9394,Electrical Products,Producer Manufacturing,3152887.52997
ARRY,154008000.0,151682325.192,629892720.0,-4.2,-3.1087,Electrical Products,Producer Manufacturing,6427131.01059
NXT,151729528.069955,149188809.1876,12796868397.420004,21.849001,4.9996,Electronic Equipment/Instruments,Electronic Technology,2076788.85779
GME,504501000.0,412765565.166,12458652195.0,16.377138,1.80623,Electronics/Appliance Stores,Retail Trade,10322297.4818
AMC,892605000.0,887286859.41,2463679060.5,-2.61,-1.702,Movies/Entertainment,Consumer Services,31480715.0424
OPEN,971091105.0,815190108.678,2364606840.675,-1.41,2.58584,Real Estate Development,Finance,31515221.1493
KSS,113376441.596194,108177937.152,2132043984.216428,8.204658,0.509964,Department Stores,Retail Trade,3829406.69042
SE,612484501.291067,559680406.340014,58317711790.428955,36.033615,4.5156,Internet Retail,Retail Trade,3717683.0492
MELI,50696802.193909,46996694.052,85993943753.3962,46.168039,10.9791,Internet Retail,Retail Trade,639500.111532
GRAB,4078520000.0,2775038818.16,12623019400.0,21.124829,1.85671,Air Freight/Couriers,Transportation,78139825.9614
BABA,2516235596.603071,2485389125.25,266367693762.16248,23.502898,1.64372,Internet Retail,Retail Trade,8171799.99807
PDD,1423396462.0,1388518978.49161,107324093234.8,7.913745,1.62587,Department Stores,Retail Trade,6382884.37875
JD,1406820469.814183,1201495386.22653,36246729404.76242,17.387199,1.12245,Internet Retail,Retail Trade,6015306.38795
BIDU,349218942.212875,276082575.385,29446141207.389614,-45.75,0.714976,Internet Software/Services,Technology Services,2583468.06834
CPNG,1797512990.0,1270419432.93,24769729002.2,-32.36,8.26709,Internet Retail,Retail Trade,16436202.8764
W,136968167.455855,109805645.18,13862548228.207085,-41.11,-4.9564,Specialty Stores,Retail Trade,2422600.75467
ETSY,91781738.550247,90729147.4644,6673450209.988459,42.810919,-4.8182,Internet Retail,Retail Trade,3358465.2958
CHWY,401927236.738149,221926584.824,7305027527.715858,27.782875,19.689,Internet Retail,Retail Trade,10827049.8561
PTON,438871758.953722,412292449.21,2157054695.257544,33.954451,-15.4484,Other Consumer Services,Consumer Services,9594775.47507
FIVE,55054034.367229,54092206.62,12175199700.312696,19.845322,4.91803,Discount Stores,Retail Trade,1194171.51651
ELF,59008000.0,56918939.776,6178137600.0,106.414557,5.27811,Household/Personal Care,Consumer Non-Durables,1414315.1974
DKNG,466242000.0,412200295.206,8662776360.0,-49.91,16.1921,Movies/Entertainment,Consumer Services,13975045.2604
ROKU,148509064.0,130908388.752,22625355900.4,65.104456,8.01061,Packaged Software,Technology Services,2076459.30159
SNAP,1691200233.0,1095359747.4,9436897300.14,-30.0,4.87115,Packaged Software,Technology Services,32784666.1083
PINS,566313019.0,482996850.588,10904357180.845,56.135238,3.7636,Internet Software/Services,Technology Services,15036416.1935
SPOT,205882332.366707,151309475.906,97345284389.6264,24.992733,10.1411,Internet Software/Services,Technology Services,1460057.49966
NFE,5712693.062606,3189646.18536,37532393.421321,-0.02,-0.0678,Gas Distributors,Utilities,554856.899102
AR,307439000.0,293210108.202,10471372340.0,9.784107,1.26511,Oil & Gas Production,Energy Minerals,4102055.18738
RRC,233680000.0,230046276.0,8931249600.0,10.54999,1.89718,Oil & Gas Production,Energy Minerals,2702211.84004
CHRD,54697900.0,52364378.1902,7493612300.0,9.1847,0.904903,Integrated Oil,Energy Minerals,712997.58554
VAL,69435803.167421,48451259.703,5443766968.325807,5.853101,1.68672,Contract Drilling,Industrial Services,1303459.57552
RIG,1116880087.786259,1012531018.48,5768685653.416027,-2.91,0.689951,Contract Drilling,Industrial Services,44258896.4077
NE,159642220.469799,127594826.352,6497438373.12082,44.0,1.44904,Contract Drilling,Industrial Services,1219475.28373
BTU,121900000.0,120823866.8,3024339000.0,-16.54,0.930967,Coal,Energy Minerals,2478920.09956
AMR,12679044.582771,10140588.126,2175977631.295159,-47.79,1.45186,Coal,Energy Minerals,316186.467152
HCC,52802100.0,51825155.5458,4718923677.0,21.488696,2.06,Coal,Energy Minerals,658167.101664
MP,178102000.0,144919282.074,8365450940.0,-134.24,4.27268,Other Metals/Minerals,Non-Energy Minerals,5293613.71505
USAR,375076570.0,249800995.62,5097290586.3,-5.67,1.3101,Metal Fabrication,Producer Manufacturing,13442378.4815
CENX,98993300.0,68290923.9782,3527131279.0,6.163376,2.51311,Aluminum,Non-Energy Minerals,1738997.44227
AA,263909468.069425,262490753.034,11068363090.831684,8.605128,1.50217,Aluminum,Non-Energy Minerals,3805975.12992
CLF,570540038.186574,560602904.82,6458513232.272017,-7.0,1.15246,Steel,Non-Energy Minerals,14107646.0119
HL,671768439.823529,666213822.176,11554417164.9647,22.05411,4.31469,Precious Metals,Non-Energy Minerals,36365039.4472
CDE,1027935026.366743,1020733462.07,18158472240.768517,14.503942,1.74494,Precious Metals,Non-Energy Minerals,34190753.3603
AG,492906000.0,486183747.972,8717042610.0,25.024784,2.93537,Precious Metals,Non-Energy Minerals,9296685.45687
PAAS,414618000.0,414048729.486,18873411360.0,13.701641,2.57965,Precious Metals,Non-Energy Minerals,3305488.40113
AGI,418604000.0,417112932.552,13592071880.0,11.627324,2.82782,Precious Metals,Non-Energy Minerals,3697141.8003
KGC,1186240000.0,1179988515.2,28552796800.0,9.105014,2.9566,Precious Metals,Non-Energy Minerals,7618240.01444
GOLD,29154800.0,19784184.8868,1231207204.0,14.00192,1.40633,Investment Banks/Brokers,Finance,729889.175483
FNV,192874000.0,191638256.282,46147997610.0,31.220645,5.60082,Precious Metals,Non-Energy Minerals,851173.023145
ZIM,120520000.0,120349584.72,3575225800.0,25.75402,0.920076,Marine Shipping,Transportation,1684644.21122
FRO,222623000.0,143155939.166,11740023905.0,7.898284,3.72126,Marine Shipping,Transportation,3954338.94613
STNG,50081400.0,42759849.8898,4316515866.0,4.903165,1.22636,Marine Shipping,Transportation,1152690.66887
GLNG,102100000.0,85624531.4,5025362000.0,30.652797,2.58554,Oil & Gas Pipelines,Industrial Services,1391441.20198
SBLK,111985282.878738,82703274.185,3444667301.349981,12.029575,1.39225,Marine Shipping,Transportation,1974914.966
AAL,661970000.0,651953731.93,8562581950.0,-26.22,-2.1565,Airlines,Transportation,70292280.603
JBLU,377312217.590361,325447824.416,1563959141.912046,-1.74,0.985854,Airlines,Transportation,17795216.1386
